duration_ms,energy,instrumentalness,liveness,loudness,speechiness,tempo,valence,genre
214547,177.0,2.14e-06,0.1159999999999999,-1.4824e+16,0.0353,92934.0,618.0,1
190448,0.908,0.0834,239.0,-4795.0,0.0563,110012.0,637.0,1
456320,956.0,0.0203,125.0,-3634.0,149.0,122897.0,228.0,1
352280,326.0,0.0157,0.119,-12.02,0.0328,1.06062999999999e+16,0.3229999999999999,1
273693,647.0,0.000297,0.0633,-7787000000000000.0,0.0487,143995.0,0.3,1
243333,0.67,0.0702,0.22,-4547.0,0.0293,1.10832e+16,934.0,1
207173,836.0,4.03e-05,0.1969999999999999,-6165.0,0.0454,9001100000000000.0,0.41,1
200467,0.7829999999999999,0.0,163.0,-4977.0,0.119,1.1995296059529e+16,0.8140000000000001,1
227296,0.86,0.0969,0.3879999999999999,-2842.0,0.0561,127788.0,342.0,1
173773,0.8540000000000001,0.0,0.0794,-5151.0,0.0945,94.96,0.4039999999999999,1
310933,434.0,0.0,0.1169999999999999,-1.4274e+16,0.0294,83876.0,0.37,1
117013,349.0,0.0,0.38,-1.2414e+16,0.0368,1.24451e+16,609.0,1
206173,0.56,0.0,0.1169999999999999,-5.17899999999999e+16,0.0267,1.72224e+16,0.34,1
233947,536.0,0.00105,113.0,-6669.0,0.0582,119958.0,0.417,1
217400,243.0,0.0022,249.0,-17085.0,0.0366,110535.0,0.4679999999999999,1
241013,179.0,0.000346,0.1169999999999999,-17077.0,0.0337,1.21497999999999e+16,0.1669999999999999,1
267067,0.1639999999999999,0.0,0.1009999999999999,-1.0879e+16,0.0324,125242.0,0.17,1
-1,0.8370000000000001,0.0,0.148,-4834.0,0.0302,99947.0,569.0,1
-1,711.0,0.000275,0.0948,-5502999999999990.0,0.0352,112309.0,0.7190000000000001,1
224960,951.0,0.00126,376.0,-3888.0,0.0966,158075.0,628.0,1
220427,816.0,0.0,195.0,-4.76399999999999e+16,0.0765,91.91,963.0,1
218973,866.0,0.0298,0.32,-4812.0,0.0399,137946.0,321.0,1
175547,639.0,4.61e-05,0.1939999999999999,-6.04,0.0328,1.1995296059529e+16,0.18,1
207967,0.8540000000000001,0.0,344.0,-5.03,0.1639999999999999,1.86060999999999e+16,0.5589999999999999,1
141133,889.0,0.0,345.0,-4137.0,0.0461,144499.0,852.0,1
-1,0.61,0.0117,341.0,-9899.0,111.0,155966.0,128.0,1
285467,531.0,3.74e-06,0.8009999999999999,-9172.0,0.0338,152023.0,0.3379999999999999,1
212827,0.8440000000000001,0.0,76.0,-3925.0,0.0626,81945.0,562.0,1
205440,958.0,2.19e-06,0.432,-5417000000000000.0,0.0898,127491.0,359.0,1
185907,0.7659999999999999,0.0802,396.0,-5.411e+16,0.0282,8806200000000000.0,643.0,1
349187,424.0,0.0,0.2339999999999999,-10583.0,0.0318,113311.0,0.4039999999999999,1
234973,0.5379999999999999,0.000453,0.0685,-10.3,0.0456,150785.0,369.0,1
268530,317.0,0.0,126.0,-6856.0,0.0279,137748.0,297.0,1
163600,583.0,0.0,0.119,-7811.0,38.0,1.1995296059529e+16,0.7440000000000001,1
563893,762.0,281.0,368.0,-8323.0,32.0,89259.0,0.1669999999999999,1
163453,0.969,0.00022,0.0608,-7463999999999990.0,0.0854,142489.0,494.0,1
262133,747.0,4.03e-05,0.16,-4.86,0.0401,2.02777e+16,255.0,1
-1,298.0,0.00295,0.1,-13477.0,0.0356,1.28022e+16,0.0556,1
220462,573.0,0.000233,0.1159999999999999,-8369.0,0.0361,9698200000000000.0,0.4379999999999999,1
177048,0.91,0.0,156.0,-3.268e+16,133.0,162253.0,644.0,1
269613,875.0,0.00984,0.0254,-4349.0,0.0409,92022.0,0.83,1
208280,0.8370000000000001,0.0,0.372,-5608.0,0.0452,140495.0,0.432,1
213600,0.7140000000000001,0.0,0.0429,-7.13899999999999e+16,0.0445,146338.0,955.0,1
168613,0.939,0.0,0.24,-1.35199999999999e+16,0.108,1.05092e+16,0.7140000000000001,1
298253,867.0,581.0,196.0,-7426.0,0.0399,87309.0,0.4529999999999999,1
146400,373.0,0.0,303.0,-7185.0,61.0,138513.0,0.5379999999999999,1
179107,0.26,21000000000.0,105.0,-10577.0,0.0314,144184.0,0.49,1
244360,0.69,0.0,363.0,-4894.0,0.0357,102036.0,307.0,1
297320,0.356,515.0,0.0944,-13692.0,0.0337,179937.0,0.0839,1
206360,498.0,0.0,132.0,-6901.0,0.0277,116271.0,111.0,1
204333,648.0,1.37e-06,289.0,-9137.0,0.027,1.21341e+16,0.6,1
176147,637.0,0.0,0.176,-5.01399999999999e+16,0.0402,170157.0,345.0,1
194533,0.63,0.19,337.0,-12.33,0.0403,125154.0,0.3229999999999999,1
222000,754.0,0.0719,0.8809999999999999,-8136000000000000.0,0.0372,144085.0,924.0,1
214106,731.0,0.00347,0.178,-4565.0,0.0446,9002799999999990.0,636.0,1
213920,871.0,0.00524,96.0,-5337999999999990.0,0.0392,104976.0,573.0,1
185524,0.75,0.0119,271.0,-6619.0,0.103,1.65035999999999e+16,667.0,1
233901,452.0,0.0996,0.38,-12365.0,0.0349,1.1995296059529e+16,271.0,1
193213,0.8370000000000001,283000000000.0,0.0635,-4166.0,0.0721,131668.0,0.54,1
299733,645.0,1.38e-06,0.0424,-6595.0,0.0268,8951799999999990.0,588.0,1
250907,344.0,0.0112,106.0,-11342.0,0.0349,144171.0,547.0,1
286933,687.0,0.000446,0.2739999999999999,-7792000000000000.0,0.0234,100.06,0.4029999999999999,1
236973,0.901,0.00153,0.0368,-4.45,0.0264,9786200000000000.0,919.0,1
242200,977.0,2.75e-05,147.0,-6.07799999999999e+16,0.0476,114316.0,0.8420000000000001,1
246333,591.0,0.0,0.173,-5916.0,0.0279999999999999,1.07967e+16,332.0,1
260853,691.0,9.63e-05,115.0,-5872999999999990.0,0.0283,109005.0,396.0,1
193000,887.0,0.0,337.0,-4404.0,0.0598,1.19973999999999e+16,903.0,1
134200,873.0,0.0,165.0,-3.90199999999999e+16,0.0386,142726.0,0.8640000000000001,1
239333,0.78,2.14e-05,156.0,-4939.0,0.0356,145125.0,166.0,1
165613,772.0,2.47e-06,0.1989999999999999,-6205.0,0.0322,79462.0,935.0,1
234427,792.0,3.29e-06,171.0,-5426.0,0.0297,119531.0,611.0,1
141091,0.6559999999999999,7.84e-06,0.0796,-8023.0,304.0,84712.0,475.0,1
-1,0.471,1.76e-06,131.0,-10036.0,0.0277,81204.0,423.0,1
191360,0.417,0.0,135.0,-8699.0,0.0354,130032.0,721.0,1
281000,748.0,0.000174,0.0916,-8142000000000000.0,0.0521,85.02,0.417,1
218853,601.0,5.69e-06,0.181,-5996.0,0.0289999999999999,1.1995296059529e+16,531.0,1
238200,935.0,1.17e-06,255.0,-3633.0,0.0493,148062.0,501.0,1
192333,0.901,0.0651,0.108,-5518.0,67.0,1.31182e+16,0.8170000000000001,1
263253,633.0,0.0,113.0,-6.837e+16,0.0433,155715.0,161.0,1
115827,235.0,0.0198,105.0,-16982.0,0.0426,79578.0,0.8340000000000001,1
145747,715.0,0.0,311.0,-5.54899999999999e+16,0.0476,130726.0,866.0,1
270800,563.0,3.69e-06,0.1009999999999999,-7274.0,0.0251,85711.0,209.0,1
220893,779.0,61.0,159.0,-9375.0,0.0347,128211.0,0.918,1
-1,0.6659999999999999,0.3429999999999999,129.0,-8362.0,0.0289999999999999,77979.0,185.0,1
-1,762.0,331000000000.0,0.0865,-3.85699999999999e+16,0.0438,1.67964e+16,743.0,1
210653,797.0,3.57e-06,0.1119999999999999,-6103.0,0.0371,1.1995296059529e+16,0.497,1
328293,545.0,0.0977,0.0649,-9361.0,0.0297,9740899999999990.0,0.346,1
248960,721.0,0.0,0.0478,-5675.0,0.0322,93947.0,0.472,1
214240,129.0,0.0,107.0,-11.89,0.0405,1.39742e+16,368.0,1
313533,0.6940000000000001,0.0,0.0344,-5184.0,0.0326,96458.0,431.0,1
205040,0.6990000000000001,6.45e-06,111.0,-5.55,0.0289,85955.0,364.0,1
234040,615.0,1.93e-06,0.16,-10793.0,0.0384,143928.0,591.0,1
215653,871.0,2.18e-06,266.0,-4558.0,0.103,86965.0,395.0,1
212613,777.0,0.00829,0.0755,-5496.0,0.0375,143003.0,0.94,1
259741,461.0,0.0184,0.0993,-1.20629999999999e+16,0.0645,96346.0,171.0,1
272074,828.0,0.144,128.0,-5.45299999999999e+16,0.0284,81861.0,0.5539999999999999,1
197320,0.6709999999999999,0.0,0.0844,-6.95299999999999e+16,0.0351,1.1995296059529e+16,257.0,1
213267,493.0,0.0,0.241,-8786.0,0.0327,127671.0,467.0,1
260840,289.0,0.00011,124.0,-9.83,0.0268,108098.0,0.432,1
160080,608.0,0.0,0.2339999999999999,-13083.0,106.0,1.71992e+16,938.0,1
-1,701.0,4.72e-06,111.0,-10.36,0.036,108287.0,0.933,1
148053,0.43,0.0,0.0802,-12327.0,0.2239999999999999,1.80060999999999e+16,0.6409999999999999,1
189227,0.908,0.5920000000000001,0.1159999999999999,-2.42,0.0326,120522.0,968.0,1
-1,0.5589999999999999,0.0,262.0,-5135.0,313.0,1.14982999999999e+16,473.0,1
133507,0.3379999999999999,0.0,105.0,-13887.0,0.0454,122421.0,0.6459999999999999,1
217156,557.0,0.0,374.0,-5882999999999990.0,0.0329,1.00026e+16,461.0,1
249533,366.0,106.0,0.0403,-10.96,145.0,73949.0,895.0,1
258160,591.0,0.00225,0.0718,-6407.0,0.0419,1.25892999999999e+16,397.0,1
211960,726.0,6.35e-05,0.0618,-3803.0,0.0401,1.03987e+16,728.0,1
168027,0.178,0.352,166.0,-17109.0,0.0264,84.78,401.0,1
336093,0.472,3.77e-06,317.0,-8792.0,0.0277,179167.0,431.0,1
218400,812.0,0.00106,102.0,-1.2062e+16,0.0315,135.68,823.0,1
192533,909.0,35100000000.0,0.3779999999999999,-4109.0,134.0,94025.0,297.0,1
351678,662.0,0.000423,96.0,-9828.0,0.0341,1.47948999999999e+16,0.3779999999999999,1
331173,0.5710000000000001,0.0476,126.0,-9186.0,0.0334,161874.0,0.6559999999999999,1
268467,835.0,0.00982,0.0769,-6553.0,0.0596,144641.0,0.12,1
-1,0.8370000000000001,0.0,113.0,-5146.0,0.0358,140066.0,623.0,1
252067,0.1969999999999999,0.0,0.0716,-14792.0,0.0383,1.22871e+16,361.0,1
160886,888.0,0.00104,405.0,-4.736e+16,0.0887,137939.0,563.0,1
338240,0.7559999999999999,4.03e-05,638.0,-6.361e+16,0.0307,1.1995296059529e+16,606.0,1
205933,882.0,171000000000.0,605.0,-4.281e+16,157.0,126064.0,634.0,1
277533,912.0,6.52e-05,0.0883,-3449.0,0.0724,110339.0,506.0,1
174573,662.0,0.0,0.0803,-7.196e+16,0.0382,144046.0,742.0,1
211487,0.53,1.34e-06,0.108,-8182.0,0.0255,102029.0,379.0,1
341533,804.0,196999999999.999,299.0,-7.911e+16,0.0326,89846.0,586.0,1
178147,631.0,0.0,0.123,-5.757e+16,0.0283,129556.0,569.0,1
188333,0.78,7.12e-06,0.35,-5872000000000000.0,0.0418,144011.0,514.0,1
496573,0.472,0.8740000000000001,63.0,-16.42,0.0295,115.13,135.0,1
290827,569.0,0.011,0.0714,-11963.0,0.0335,1.09292999999999e+16,0.75,1
209206,875.0,0.0,138.0,-5912000000000000.0,0.0436,136.83,479.0,1
226827,0.7709999999999999,0.0,273.0,-4607.0,0.0501,1.47912999999999e+16,0.4479999999999999,1
247160,718.0,0.000881,79.0,-6457000000000000.0,0.0357,1.15017e+16,0.933,1
224947,0.5,0.0,193.0,-6202000000000000.0,0.0279999999999999,149957.0,0.41,1
250627,557.0,0.0,209.0,-4.47,0.0291,145861.0,142.0,1
212640,0.45,7.57e-06,0.0946,-6314.0,0.0297,147694.0,0.1159999999999999,1
200147,0.4589999999999999,1.28e-06,0.0684,-10446.0,0.0304,1.06957e+16,0.931,1
187907,893.0,6.36e-05,281.0,-4.58899999999999e+16,0.0662,148043.0,392.0,1
311200,988.0,0.84,0.3229999999999999,-3.74,0.144,1.1995296059529e+16,149.0,1
201280,0.9,293.0,0.2689999999999999,-8434.0,0.0457,1.1995296059529e+16,0.918,1
242035,0.75,4.41e-06,0.104,-3248.0,0.0335,105.03,556.0,1
184632,715.0,0.0,0.119,-6.34399999999999e+16,0.0417,1.53956e+16,0.4529999999999999,1
237388,0.45,0.00185,0.0992,-9352.0,0.0325,119912.0,0.432,1
202032,0.7240000000000001,162.0,255.0,-6.79,0.0332,8423700000000000.0,0.3229999999999999,1
180320,0.47,0.0,0.28,-9599.0,0.0301,103477.0,698.0,1
183787,0.901,0.00311,0.14,-6311.0,38.0,93.98,0.357,1
196907,838.0,1.24e-05,0.0841,-3.51,0.0319,151914.0,0.7190000000000001,1
320010,0.351,0.000893,0.0967,-7871.0,0.0311,118633.0,0.246,1
182987,0.959,0.0,147.0,-4763.0,0.118,165136.0,436.0,1
-1,527.0,0.00305,359.0,-15632.0,0.0615,133749.0,0.208,1
215307,951.0,0.0033799999999999,293.0,-5.4,0.0784,120014.0,0.74,1
264067,505.0,9.22e-05,172.0,-9129.0,0.026,74807.0,317.0,1
323600,677.0,518.0,0.108,-8317.0,0.0323,126477.0,0.7170000000000001,1
-1,809.0,0.00671,0.0491,-6.74,0.0495,151836.0,0.49,1
187040,214.0,0.0701,0.178,-17699.0,0.0311,147795.0,275.0,1
-1,501.0,0.0,0.19,-1.1899e+16,0.0385,94961.0,731.0,1
221626,0.6940000000000001,1.04e-06,0.283,-5381.0,0.0329,115993.0,518.0,1
172640,805.0,8.81e-06,109.0,-5399.0,214.0,1.1995296059529e+16,725.0,1
-1,0.7959999999999999,0.0,106.0,-4501.0,0.0333,1.00011e+16,182.0,1
177240,741.0,574.0,0.44,-5.672e+16,0.0357,1.20997999999999e+16,544.0,1
-1,575.0,0.0,0.1159999999999999,-5.1,0.0443,197639.0,294.0,1
274253,527.0,2.65e-06,0.1009999999999999,-9501.0,0.0263,113881.0,0.66,1
246493,871.0,0.51,303.0,-3.453e+16,0.0308,119.99,374.0,1
170813,905.0,578.0,0.0698,-5.27,0.0754,108.9,486.0,1
227400,0.68,0.0,0.1689999999999999,-5.34,0.0332,160043.0,695.0,1
345373,289.0,934.0,0.0812,-16.15,0.0337,7778699999999990.0,0.0364,1
390328,195.0,807.0,0.0798,-19454.0,0.0335,1.26862e+16,0.0389,1
-1,0.8440000000000001,0.00148,171.0,-4329.0,0.0966,130.04,762.0,1
218554,688.0,0.0,0.0596,-4437.0,0.0559999999999999,76997.0,611.0,1
233280,0.5429999999999999,0.0706,107.0,-9482999999999990.0,0.0398,126001.0,282.0,1
245640,605.0,0.000645,0.11,-6686.0,0.0328,1.21792999999999e+16,0.74,1
225000,991.0,1.28e-05,316.0,-1768.0,0.123,95524.0,295.0,1
327400,499.0,1.55e-06,111.0,-1.0972e+16,0.0685,171067.0,0.367,1
257347,941.0,6.42e-05,242.0,-4787.0,51.0,112008.0,542.0,1
245960,0.923,17.0,0.0854,-4.56,0.0539,1.1995296059529e+16,595.0,1
217440,0.89,0.0,0.0912,-5.75899999999999e+16,0.0655,100061.0,525.0,1
419400,0.44,862.0,0.12,-9456.0,0.0352,79095.0,0.13,1
207724,0.6629999999999999,0.0001889999999999,0.13,-9163.0,139.0,94884.0,327.0,1
211809,758.0,0.0,102.0,-5035.0,0.0718,149738.0,423.0,1
258920,877.0,0.0001629999999999,136.0,-3.756e+16,0.0292,1.45918999999999e+16,389.0,1
291800,0.6809999999999999,8.68e-05,266.0,-6919.0,0.0565,141.94,853.0,1
-1,0.3429999999999999,596999999999.999,121.0,-16192.0,0.044,153466.0,0.6609999999999999,1
-1,0.417,0.0,0.0722,-1.32679999999999e+16,0.0325,1.1995296059529e+16,311.0,1
-1,384.0,0.92,0.119,-1.4024e+16,0.0289,159092.0,171.0,1
280347,889.0,0.0,0.0947,-2539.0,0.0371,131.96,659.0,1
205333,0.7859999999999999,86699999999.9999,168.0,-5.06,0.0401,1.26002999999999e+16,679.0,1
-1,0.8240000000000001,0.0,0.21,-4039.0,0.0524,161981.0,0.4479999999999999,1
199036,0.74,4.15e-06,569.0,-6313.0,242.0,6.2916e+16,0.33,1
205000,0.7959999999999999,8.94e-05,0.19,-3677.0,0.0303,1.05017e+16,0.942,1
182267,563.0,9.39e-05,0.3229999999999999,-8543.0,0.0292,134083.0,0.67,1
213958,0.49,0.81,106.0,-12.27,0.0393,1.1995296059529e+16,0.53,1
130333,0.7909999999999999,0.0,0.0755,-2647.0,0.0949,194638.0,764.0,1
205427,953.0,1.03e-06,575.0,-5.927e+16,0.123,152009.0,0.2,1
224550,0.55,205.0,0.0425,-7.427e+16,0.026,81814.0,0.7090000000000001,1
266027,883.0,462.0,0.0973,-5625.0,0.0446,1.64052e+16,0.1639999999999999,1
125827,742.0,0.0,0.3389999999999999,-7962999999999990.0,0.0454,138591.0,0.7509999999999999,1
248880,945.0,7.71e-06,495.0,-4.66,0.0779,120723.0,526.0,1
206067,552.0,0.00213,111.0,-9499.0,0.0355,143977.0,0.21,1
295467,0.6629999999999999,3.63e-05,431.0,-5.48,0.0286,141525.0,573.0,1
287880,872.0,0.8,261.0,-7313.0,0.05,167946.0,648.0,1
-1,272.0,0.000907,0.13,-10575.0,0.0445,126.18,0.119,1
265933,379.0,0.0072,0.0619,-19.42,31.0,1.15237e+16,818.0,1
-1,628.0,0.00025,0.12,-5659.0,0.0274,140049.0,0.0981,1
189387,0.5920000000000001,0.00626,0.61,-9836.0,0.0586,123095.0,332.0,1
227013,469.0,0.000453,0.0711,-8718.0,0.0412,90001.0,305.0,1
182027,297.0,1.49e-05,0.0609,-9648.0,0.0349,1.1995296059529e+16,0.186,1
212733,768.0,301.0,102.0,-7.48,0.0387,169873.0,0.35,1
-1,775.0,0.0,0.144,-6.61299999999999e+16,0.0433,1.06012999999999e+16,0.8029999999999999,1
195653,0.92,0.00202,0.0582,-4168.0,0.0649,111132.0,0.4379999999999999,1
268760,0.906,0.55,0.103,-6.661e+16,0.0775,101.46,555.0,1
247373,609.0,0.0,0.0636,-11.19,0.0366,124005.0,0.78,1
-1,932.0,0.0594,174.0,-6.11,0.11,99929.0,0.5489999999999999,1
198907,336.0,0.000684,0.119,-10843.0,0.0392,135954.0,613.0,1
199490,483.0,0.4,111.0,-10675.0,0.0514,80.73,0.6409999999999999,1
242995,0.974,0.000391,0.119,-2.91899999999999e+16,0.12,137.96,0.2239999999999999,1
248173,637.0,4.22e-06,0.0469,-10138.0,0.0296,1.1995296059529e+16,738.0,1
250107,809.0,1.22e-06,154.0,-3275.0,0.0279999999999999,112677.0,499.0,1
231840,727.0,1.99e-05,172.0,-4872.0,0.0332,170593.0,885.0,1
180302,0.931,0.0,102.0,-3662.0,0.0517,111012.0,0.7879999999999999,1
190707,892.0,0.000525,0.5720000000000001,-5285.0,113.0,1.74027e+16,0.5589999999999999,1
246893,415.0,0.0,0.144,-14429.0,0.0555,96.99,0.68,1
194107,0.913,602.0,311.0,-3.04,0.0316,100014.0,574.0,1
248000,493.0,0.00251,0.28,-17899.0,0.0279,101941.0,505.0,1
188600,0.7909999999999999,0.0219,439.0,-2734.0,0.0721,133204.0,433.0,1
254533,632.0,0.0117,0.0545,-7.24299999999999e+16,0.0922,97694.0,0.356,1
225947,903.0,0.0003509999999999,122.0,-3677.0,0.0314,121896.0,409.0,1
224960,0.8029999999999999,0.0,297.0,-4.116e+16,0.0465,1.47902e+16,342.0,1
207213,0.959,0.00144,0.0584,-4664.0,0.0819999999999999,127831.0,0.416,1
217387,705.0,6.11e-06,106.0,-7516.0,0.0259,95.99,635.0,1
207040,0.7020000000000001,0.0,218.0,-5792000000000000.0,0.0423,132.33,452.0,1
163093,504.0,0.0,0.143,-11686.0,0.0481,1.26282e+16,883.0,1
214880,759.0,4.44e-05,0.0993,-5.67,0.037,124725.0,917.0,1
218720,858.0,3.11e-06,0.0642,-4.33899999999999e+16,0.0387,1.38021e+16,0.6629999999999999,1
255040,0.4029999999999999,0.000269,0.0594,-9457.0,0.0291,1.1995296059529e+16,568.0,1
189707,748.0,0.00058,358.0,-4461.0,0.0805,1.1995296059529e+16,0.216,1
221459,0.74,0.000543,0.13,-6.422e+16,0.0376,162095.0,337.0,1
352907,382.0,0.0195,149.0,-1.32909999999999e+16,0.0252,80.8,0.69,1
215853,731.0,0.0,0.143,-2.15,34.0,122522.0,0.497,1
183147,0.979,0.0125,355.0,-5021.0,106.0,146741.0,478.0,1
202053,0.979,0.00729,0.0944,-3.506e+16,132.0,140404.0,0.416,1
211573,0.497,0.00273,162.0,-7595.0,0.0351,169977.0,561.0,1
210747,0.69,0.0,122.0,-6.866e+16,0.0298,112014.0,573.0,1
245040,152.0,90700000000.0,0.104,-13901.0,0.0395,61.34,0.3829999999999999,1
-1,612.0,1.34e-06,111.0,-6871.0,0.0285,89995.0,113.0,1
169000,782.0,4.19e-06,125.0,-8437999999999990.0,0.0307,137453.0,731.0,1
195200,862.0,0.0597,0.2289999999999999,-6002999999999990.0,0.0905,90052.0,528.0,1
268093,0.53,0.000274,0.0437,-8515.0,24.0,91779.0,0.6779999999999999,1
168094,0.6679999999999999,1.15e-05,168.0,-6.57799999999999e+16,0.0442,79.99,0.32,1
193773,0.8009999999999999,3.17e-06,0.0637,-3717.0,0.0393,172024.0,769.0,1
187896,914.0,1.98e-05,0.2739999999999999,-4308.0,0.0455,148893.0,385.0,1
238076,371.0,0.00392,0.104,-6832999999999990.0,0.0295,154989.0,0.372,1
-1,912.0,0.0,193.0,-4253.0,0.0725,166795.0,0.351,1
296427,638.0,3.2e-05,0.0769,-4671.0,0.0278,1.1995296059529e+16,484.0,1
182320,701.0,3.12e-05,313.0,-6.03799999999999e+16,0.0572,145069.0,0.25,1
286440,924.0,0.000437,0.0825,-2428.0,0.0829,82666.0,0.6859999999999999,1
230800,0.7979999999999999,1.54e-06,327.0,-6.672e+16,0.0316,124397.0,675.0,1
196947,0.8170000000000001,0.03,0.4029999999999999,-4.59,0.0759,1.1995296059529e+16,0.288,1
201076,649.0,0.0,105.0,-8465.0,0.0925,187783.0,405.0,1
158800,557.0,0.0,0.5429999999999999,-9597000000000000.0,0.03,110743.0,0.7879999999999999,1
189187,867.0,0.0,0.4579999999999999,-2313.0,0.103,167965.0,602.0,1
269107,483.0,0.497,0.0686,-4.991e+16,0.03,84.71,0.173,1
207640,948.0,515.0,126.0,-4355.0,0.0711,177328.0,469.0,1
186627,0.8,9.04e-06,506.0,-4194.0,0.0271,130006.0,691.0,1
215880,992.0,0.0,878.0,-1893.0,0.0748,133963.0,757.0,1
212600,691.0,0.0,303.0,-4334.0,0.0312,93014.0,261.0,1
-1,672.0,0.0,355.0,-5234.0,0.0306,139864.0,263.0,1
-1,792.0,513.0,175.0,-6.45299999999999e+16,0.0272,87069.0,0.67,1
146240,0.7120000000000001,608999999999.999,0.0738,-6.79,0.0429,82961.0,804.0,1
181533,943.0,8.71e-06,91.0,-3205.0,0.0602,85064.0,0.7809999999999999,1
173320,917.0,0.0099099999999999,0.07,-8806000000000000.0,0.0906,1.01797999999999e+16,0.7809999999999999,1
217493,0.71,703.0,0.0777,-4692.0,0.0289999999999999,110059.0,268.0,1
180720,805.0,0.0,156.0,-5.81,0.0449,116.03,882.0,1
-1,0.6559999999999999,0.0005009999999999,0.0882,-6154.0,0.0259,126.01,423.0,1
256467,614.0,0.0,166.0,-4688.0,0.0885,121965.0,341.0,1
190720,738.0,0.00036,0.37,-4881.0,0.0331,105015.0,675.0,1
257520,691.0,0.7859999999999999,0.0895,-7976.0,0.0443,170342.0,0.36,1
345284,0.8640000000000001,107.0,281.0,-7895.0,0.0414,93197.0,617.0,1
251333,0.5820000000000001,3.81e-05,0.119,-10323.0,0.0402,8253200000000000.0,789.0,1
238267,528.0,0.35,0.14,-13382.0,0.0358,1.17472e+16,0.73,1
261280,382.0,4.74e-06,0.411,-1.0889e+16,0.0309,116557.0,0.7140000000000001,1
231467,0.7390000000000001,0.0,0.13,-4919.0,0.0308,131918.0,0.5710000000000001,1
226200,698.0,0.0037,0.2789999999999999,-5056.0,0.0353,1.1995296059529e+16,0.61,1
252693,665.0,136.0,125.0,-6.31,0.0455,8949799999999990.0,0.7829999999999999,1
309640,0.959,0.000148,161.0,-4657.0,0.0908,154221.0,0.492,1
203307,927.0,0.0067599999999999,0.0822,-3.24399999999999e+16,61.0,174079.0,687.0,1
275507,0.7070000000000001,0.000716,0.0997,-13.66,0.0478,124335.0,0.8059999999999999,1
165733,711.0,2.64e-05,0.0683,-10453.0,0.0832,1.52277e+16,935.0,1
188184,637.0,203000000000.0,263.0,-4919.0,0.0403,1.86835999999999e+16,297.0,1
255600,674.0,5.47e-06,345.0,-7643.0,0.0492,8893299999999990.0,452.0,1
168920,0.7140000000000001,0.0171,684.0,-9158999999999990.0,313.0,9437200000000000.0,0.4539999999999999,1
145427,0.6759999999999999,0.000511,263.0,-5273.0,0.0436,1.1995296059529e+16,705.0,1
312280,691.0,0.00404,147.0,-7984.0,0.0248,1.1995296059529e+16,0.421,1
223400,741.0,0.0,402.0,-3821.0,0.0296,75012.0,424.0,1
213853,905.0,0.0,325.0,-3575.0,57.0,1.26011e+16,684.0,1
227222,196.0,3.63e-05,0.0978,-11478.0,0.0267,1.43918999999999e+16,301.0,1
-1,0.8079999999999999,0.0,991.0,-8097000000000000.0,0.0425,162096.0,485.0,1
248640,924.0,0.0,114.0,-3398.0,0.0282,1.08032999999999e+16,912.0,1
142787,0.6829999999999999,0.0,0.0935,-6644.0,0.176,169519.0,0.8170000000000001,1
207851,0.7979999999999999,15.0,0.0972,-5935.0,0.0675,1.14981e+16,485.0,1
213173,797.0,0.000304,392.0,-5244.0,0.0333,129964.0,547.0,1
159394,489.0,424.0,131.0,-6932.0,0.0348,124031.0,0.0517,1
142933,363.0,0.0,0.1169999999999999,-1.2484e+16,0.0335,1.23262999999999e+16,0.8590000000000001,1
221000,0.901,134.0,299.0,-4481.0,32.0,132009.0,807.0,1
204467,0.41,0.5870000000000001,0.1169999999999999,-9722000000000000.0,0.0239,1.1995296059529e+16,0.27,1
-1,469.0,573.0,183.0,-9283.0,0.0311,127.44,193.0,1
227440,0.92,0.0026,0.11,-4852.0,0.0575,93162.0,455.0,1
206107,794.0,0.0,0.0776,-5857.0,0.0377,130025.0,0.482,1
262867,815.0,0.0,138.0,-3658.0,0.0771,1.25357999999999e+16,461.0,1
201347,0.75,0.0,106.0,-3.53,0.0293,1.59823999999999e+16,488.0,1
194400,0.471,97799999999.9999,0.1159999999999999,-8456.0,0.0436,9000200000000000.0,0.31,1
-1,589.0,0.11,154.0,-1.2859e+16,0.0315,1.28807e+16,789.0,1
197480,597.0,0.0,0.0819,-1.2107e+16,0.0343,1.80434e+16,536.0,1
-1,293.0,8.21e-06,0.104,-9502.0,0.0258,96685.0,162.0,1
201653,845.0,0.0,0.3779999999999999,-4837.0,0.0398,115999.0,0.8009999999999999,1
-1,889.0,0.0070599999999999,0.0943,-5474.0,0.0543,93994.0,508.0,1
253227,589.0,534000000000.0,0.0862,-8249.0,32.0,1.15282999999999e+16,726.0,1
-1,603.0,0.0,0.0687,-5517.0,0.0435,76874.0,456.0,1
197800,0.916,2.04e-06,0.0967,-5.96399999999999e+16,0.0612,156015.0,627.0,1
237026,0.86,4.92e-05,902.0,-5038.0,0.0661,1.00887999999999e+16,195.0,1
382834,537.0,0.00201,0.2689999999999999,-10421.0,152.0,124193.0,0.7829999999999999,1
397768,0.8540000000000001,0.00114,158.0,-7.531e+16,0.0494,100175.0,284.0,1
216067,855.0,0.0,0.0716,-4.95,0.0352,1.24577999999999e+16,424.0,1
307263,0.411,935.0,0.0956,-1.17329999999999e+16,0.0347,100.01,0.0723,1
200707,934.0,0.0,0.0484,-3.99899999999999e+16,128.0,137003.0,0.54,1
221187,382.0,331000000000.0,0.1119999999999999,-8821.0,0.036,9523899999999990.0,0.72,1
-1,565.0,0.00041,105.0,-5655.0,0.0326,167938.0,0.21,1
384467,639.0,0.0,371.0,-9.91,0.0336,149686.0,293.0,1
-1,892.0,0.0,0.6940000000000001,-3.771e+16,0.0293,1.14047999999999e+16,889.0,1
-1,0.8759999999999999,6.96e-06,0.0778,-5777.0,0.0438,152043.0,0.39,1
173400,369.0,0.964,0.2739999999999999,-1.6022e+16,0.036,76155.0,0.211,1
261560,755.0,0.0799,0.412,-5791.0,0.0397,135042.0,0.6459999999999999,1
-1,0.246,0.000138,0.0967,-1.2847e+16,0.0383,132153.0,308.0,1
-1,605.0,0.00511,0.0601,-7722.0,0.0837,147736.0,418.0,1
-1,526.0,0.000539,0.0907,-9936.0,0.0285,129641.0,591.0,1
-1,253.0,0.0,168.0,-7.326e+16,0.0505,142252.0,0.477,1
339493,596.0,114000000000.0,0.144,-5.406e+16,0.0323,135968.0,172.0,1
242667,0.77,0.0,198.0,-5131.0,0.0277,1.1995296059529e+16,0.8490000000000001,1
148253,0.7240000000000001,0.0,299.0,-9792.0,0.0562,170377.0,0.916,1
222227,735.0,0.0006219999999999,115.0,-7125.0,0.0306,123.57,0.68,1
252400,0.952,0.00201,135.0,-4243.0,0.0754,147999.0,557.0,1
-1,985.0,0.000145,111.0,-1598.0,0.0832,109979.0,0.487,1
224720,0.921,0.4589999999999999,226.0,-8.38,0.0697,125.98,222.0,1
240899,722.0,0.0,0.2,-6.46399999999999e+16,0.0638,9599700000000000.0,379.0,1
-1,0.482,2.78e-06,626.0,-6564.0,0.0281,112704.0,0.407,1
-1,0.48,0.000387,165.0,-9267000000000000.0,0.0245,95912.0,218.0,1
276132,0.6459999999999999,0.00469,0.1009999999999999,-6.962e+16,0.0283,1.73974e+16,0.471,1
226200,932.0,0.0,335.0,-5237.0,0.0968,134981.0,513.0,1
258693,0.3429999999999999,138.0,0.1,-1.3072e+16,0.0424,1.1995296059529e+16,183.0,1
303680,561.0,3.02e-06,132.0,-6787000000000000.0,0.0262,81303.0,493.0,1
284867,242.0,0.0223,126.0,-10.46,0.0298,1.02812e+16,315.0,1
415600,341.0,0.0002839999999999,0.0405,-14218.0,0.0327,1.18782e+16,366.0,1
241627,0.933,0.0,342.0,-4.75899999999999e+16,0.0738,9299799999999990.0,465.0,1
256560,836.0,0.0,457.0,-4327.0,0.0531,142.56,627.0,1
233893,457.0,0.0004,203.0,-8.66,0.0266,140798.0,271.0,1
266333,818.0,0.000995,0.0527,-5.9,0.0291,1.47543999999999e+16,0.79,1
303307,0.7440000000000001,7.63e-06,109.0,-7106.0,0.0351,98022.0,161.0,1
234274,0.5710000000000001,0.00494,0.357,-8582.0,0.0296,1.67634e+16,634.0,1
206000,919.0,0.00218,301.0,-3.146e+16,0.0475,131726.0,746.0,1
252533,765.0,873.0,132.0,-8684.0,0.0287,1.1995296059529e+16,0.417,1
241547,0.92,0.0118,0.0765,-2843.0,218.0,99919.0,493.0,1
247829,785.0,0.0479,0.178,-7632999999999990.0,0.0459,1.05857e+16,0.5920000000000001,1
356947,0.928,107.0,0.0873,-2261.0,0.0495,127995.0,312.0,1
250909,0.472,0.407,0.0969,-13446.0,0.0429,131983.0,0.8220000000000001,1
185960,843.0,3.1e-05,0.1119999999999999,-4238.0,0.0363,91979.0,262.0,1
-1,0.8109999999999999,6.15e-05,126.0,-5.201e+16,0.0285,9197399999999990.0,519.0,1
228147,429.0,0.00041,168.0,-6.06,49.0,1.27172999999999e+16,182.0,1
208253,0.7509999999999999,0.0105,0.1689999999999999,-4681.0,32.0,140895.0,387.0,1
266040,659.0,0.0,0.0587,-5617000000000000.0,0.0383,94853.0,0.7170000000000001,1
241360,483.0,0.0269,564.0,-8365.0,0.0351,145047.0,348.0,1
245000,614.0,165.0,0.31,-7528.0,0.0426,119837.0,318.0,1
213528,0.7879999999999999,0.0,0.108,-7029.0,0.0532,1.1995296059529e+16,736.0,1
206773,0.8320000000000001,2.4e-05,91.0,-7981.0,0.0398,100677.0,585.0,1
265640,447.0,4.36e-06,122.0,-8.83,0.0477,9941799999999990.0,746.0,1
239613,0.8690000000000001,129.0,0.108,-4874.0,0.0277,90088.0,637.0,1
233467,0.7659999999999999,0.0,0.1009999999999999,-5.036e+16,0.0399,1.1995296059529e+16,547.0,1
354393,0.84,204.0,303.0,-3.45399999999999e+16,0.0572,129.19,0.1889999999999999,1
233667,281.0,0.0,163.0,-10.56,0.0475,142263.0,294.0,1
231173,389.0,0.16,0.0905,-11547.0,0.0306,130015.0,649.0,1
243933,966.0,0.000659,312.0,-3839.0,0.0452,114053.0,532.0,1
299640,0.8029999999999999,0.00182,0.5710000000000001,-11282.0,0.0459,1.15386e+16,423.0,1
-1,765.0,0.0506,344.0,-6544.0,0.0376,128164.0,528.0,1
217400,0.59,2.32e-06,0.15,-7325.0,0.0362,137838.0,0.352,1
185030,0.7290000000000001,151.0,135.0,-5.82,0.0698,149999.0,0.56,1
163673,591.0,0.0249,0.0833,-5.696e+16,0.0677,107944.0,633.0,1
180360,785.0,0.000266,0.0854,-5622999999999990.0,0.0369,91975.0,371.0,1
182653,733.0,0.00191,501.0,-4727.0,0.11,87479.0,866.0,1
187267,743.0,0.0,166.0,-6152.0,0.0807,150134.0,371.0,1
267253,337.0,8.79e-05,0.67,-9272.0,0.0284,1.09372999999999e+16,273.0,1
180056,306.0,7.07e-06,0.0707,-9443.0,0.0393,118068.0,605.0,1
-1,611.0,0.000221,0.0762,-4.71899999999999e+16,0.0298,140002.0,138.0,1
391320,551.0,8.72e-06,172.0,-9.99,0.0337,79414.0,631.0,1
195173,0.83,0.0,0.29,-5.43,0.0652,9500399999999990.0,0.62,1
320267,324.0,0.0248,0.118,-1.04509999999999e+16,0.0255,94301.0,166.0,1
256800,551.0,0.00115,223.0,-8984.0,0.0389,93979.0,654.0,1
445187,467.0,0.0186,124.0,-11763.0,0.0284,1.1995296059529e+16,525.0,1
174627,0.6459999999999999,0.0,0.0823,-9349.0,0.0305,116115.0,0.8859999999999999,1
162293,983.0,0.0617,261.0,-3548.0,151.0,134975.0,271.0,1
197933,871.0,0.0004059999999999,0.36,-5235.0,0.0494,133064.0,693.0,1
323707,0.55,0.0208,111.0,-4485.0,0.0267,114435.0,353.0,1
231133,0.6859999999999999,0.0,124.0,-4974.0,0.0401,1.1995296059529e+16,389.0,1
363114,562.0,9.17e-06,209.0,-4363.0,0.03,72945.0,228.0,1
241507,366.0,0.0,94.0,-14069.0,0.0331,142814.0,0.291,1
200227,799.0,0.0,154.0,-4644.0,0.0995,1.25966e+16,475.0,1
151093,0.41,203999999999.999,0.0746,-12617.0,0.0303,129175.0,0.6970000000000001,1
264600,794.0,0.000354,113.0,-4954.0,0.0326,1.01142999999999e+16,907.0,1
211453,0.8959999999999999,0.00396,0.14,-4262.0,0.0351,101867.0,0.35,1
206520,743.0,2.04e-06,0.0981,-7.76,0.0334,106045.0,897.0,1
249813,478.0,1.11e-05,0.144,-5517.0,0.0314,1.25967999999999e+16,297.0,1
232533,985.0,626.0,0.13,-6687.0,0.0822,133963.0,255.0,1
153160,872.0,0.0,478.0,-2535.0,0.1009999999999999,199842.0,0.7440000000000001,1
462267,0.7879999999999999,625.0,0.0977,-5.611e+16,0.0425,142584.0,795.0,1
-1,914.0,0.0096,502.0,-4243.0,0.0616,147108.0,534.0,1
242347,0.6509999999999999,0.00879,149.0,-6.696e+16,0.0255,1.19937e+16,514.0,1
212689,0.66,0.0,0.181,-4357.0,168.0,1.84352999999999e+16,568.0,1
242773,0.6659999999999999,0.0,0.286,-5.866e+16,0.0317,1.20047999999999e+16,353.0,1
221093,0.7609999999999999,0.0,114.0,-4.51399999999999e+16,31.0,155901.0,271.0,1
215120,885.0,196.0,0.1689999999999999,-7224.0,0.0354,138153.0,0.79,1
215080,868.0,0.0,121.0,-4833.0,47.0,1.18011e+16,248.0,1
145640,943.0,6.59e-06,297.0,-3.72399999999999e+16,0.104,125896.0,0.411,1
278441,301.0,0.00236,128.0,-1.4979e+16,0.0294,112458.0,0.19,1
229928,685.0,1.61e-06,0.0923,-5847.0,0.0283,81978.0,574.0,1
254493,738.0,0.0,0.0651,-4109.0,0.0427,81962.0,0.352,1
187853,879.0,1.19e-06,0.14,-3.32899999999999e+16,0.0393,86986.0,557.0,1
190280,0.7979999999999999,0.0,111.0,-3347.0,39.0,9296700000000000.0,645.0,1
245333,718.0,0.0,282.0,-4271.0,0.0368,149576.0,0.3979999999999999,1
283133,331.0,2.82e-06,172.0,-14884.0,0.0305,1.30573999999999e+16,0.24,1
183480,0.939,3.85e-06,0.0931,-4166.0,0.0822,129983.0,256.0,1
257346,501.0,25.0,146.0,-14192.0,0.0318,108291.0,0.3329999999999999,1
369947,511.0,204.0,0.0662,-1.07459999999999e+16,0.0281,144049.0,713.0,1
460493,397.0,715.0,0.1169999999999999,-10538.0,0.0359,123.89,0.15,1
202920,708.0,0.0,0.0796,-4791.0,0.0376,119964.0,0.5579999999999999,1
224027,507.0,0.118,109.0,-1.17659999999999e+16,0.0358,117971.0,0.3429999999999999,1
181827,0.7979999999999999,0.0,0.1119999999999999,-3873.0,0.0311,1.43978999999999e+16,579.0,1
505093,792.0,0.0119,313.0,-6436.0,0.0333,146907.0,649.0,1
474360,623.0,0.000883,278.0,-12365.0,0.0803,182.63,0.416,1
233587,0.6559999999999999,0.0,0.0651,-5954.0,0.0562,8195200000000000.0,0.6679999999999999,1
227400,0.8859999999999999,275.0,0.2189999999999999,-6981.0,0.0617,176426.0,757.0,1
284840,0.357,0.0036299999999999,114.0,-11333.0,0.0283,138255.0,278.0,1
198763,892.0,0.0,0.0532,-3529.0,0.0606,72984.0,361.0,1
189787,718.0,244.0,0.25,-4355.0,0.0343,1.27592999999999e+16,531.0,1
224382,584.0,433.0,298.0,-8.03,0.0284,112.0,335.0,1
186800,0.7979999999999999,0.0,0.0746,-4978.0,0.1159999999999999,1.16988999999999e+16,594.0,1
192414,0.72,144999999999.999,0.1119999999999999,-5644.0,0.0425,1.21967999999999e+16,0.96,1
269323,517.0,0.0,155.0,-5.97,0.0345,140931.0,354.0,1
191126,682.0,1.09e-05,457.0,-3798.0,0.0526,142977.0,0.206,1
271533,805.0,0.0,0.0951,-5.82799999999999e+16,0.0398,88088.0,0.2189999999999999,1
213653,0.8959999999999999,0.0,528.0,-3687.0,0.0545,90064.0,0.63,1
116160,821.0,0.0,0.108,-4387.0,0.0318,136145.0,968.0,1
205587,821.0,2.06e-06,0.36,-4987.0,0.0657,99814.0,0.61,1
-1,0.8059999999999999,5.74e-06,525.0,-5284.0,0.0265,1.1995296059529e+16,664.0,1
210080,625.0,0.00657,0.0889,-6.797e+16,0.0342,75243.0,0.43,1
228747,0.477,446.0,139.0,-8709.0,0.0358,88005.0,0.0966,1
-1,0.3829999999999999,0.0,0.119,-9377.0,0.0304,83096.0,381.0,1
574000,479.0,682.0,268.0,-1.33359999999999e+16,0.0313,119596.0,0.0569,1
134400,336.0,385.0,0.0786,-12825.0,0.0379,176083.0,0.947,1
178555,625.0,0.0113,536.0,-7.42899999999999e+16,0.0273,1.1995296059529e+16,502.0,1
329733,767.0,0.00165,127.0,-2.788e+16,0.027,9648299999999990.0,0.3279999999999999,1
218867,826.0,0.0,158.0,-5037.0,0.0325,99919.0,0.6990000000000001,1
252280,741.0,147.0,0.1169999999999999,-5643.0,0.0311,117031.0,179.0,1
208067,888.0,762.0,154.0,-6039.0,0.0326,145971.0,897.0,1
240933,777.0,3.28e-06,124.0,-6416.0,0.0354,76329.0,149.0,1
498147,0.357,196999999999.999,0.11,-6227.0,0.0342,1.18901e+16,0.1169999999999999,1
182493,652.0,0.0,201.0,-6982.0,0.0281,97155.0,0.476,1
215973,0.933,2.07e-05,0.33,-4874.0,179.0,169842.0,607.0,1
222573,0.83,0.0,0.148,-5096.0,0.0579,155014.0,765.0,1
246827,0.908,0.0054,0.1369999999999999,-4.08,0.0649,1.1995296059529e+16,0.351,1
234013,0.5660000000000001,2.93e-06,0.0968,-8169.0,0.0357,83904.0,449.0,1
287733,0.967,0.0,0.356,-5206.0,47.0,145024.0,895.0,1
191280,813.0,0.0,0.347,-4522.0,0.1159999999999999,1.1995296059529e+16,843.0,1
342493,486.0,0.0,574.0,-8147.0,0.0258,72484.0,363.0,1
249067,738.0,0.0,295.0,-6.73,0.0571,162003.0,524.0,1
199767,0.5479999999999999,0.0001699999999999,0.11,-6.65799999999999e+16,0.0318,91973.0,0.367,1
217824,917.0,0.02,0.286,-6331.0,237.0,155061.0,0.39,1
257960,508.0,0.0,237.0,-14339.0,0.0402,1.1995296059529e+16,0.5529999999999999,1
-1,0.1939999999999999,0.00145,131.0,-10829.0,31.0,121.7,0.0862,1
267906,778.0,0.0,267.0,-3037.0,0.0328,1.48043999999999e+16,418.0,1
254510,0.7040000000000001,133000000000.0,326.0,-6835.0,0.0301,99804.0,358.0,1
330533,0.31,0.0,379.0,-14545.0,0.0676,177515.0,584.0,1
-1,745.0,0.0,114.0,-5.67399999999999e+16,0.0381,1.1995296059529e+16,0.77,1
396333,613.0,151.0,0.178,-9443999999999990.0,0.0341,85693.0,655.0,1
247133,679.0,0.00746,0.3229999999999999,-10026.0,156.0,1.1995296059529e+16,948.0,1
-1,726.0,0.000178,0.148,-8939.0,0.0368,107719.0,505.0,1
168853,847.0,0.0,205.0,-5513.0,0.0482,93977.0,0.69,1
228920,252.0,0.0,106.0,-9448.0,0.0345,144226.0,0.346,1
-1,812.0,0.000494,408.0,-6398.0,0.0467,146.2,0.8109999999999999,1
190760,0.931,1.24e-05,0.0624,-5.86299999999999e+16,0.0721,90911.0,644.0,1
287613,875.0,0.24,0.0925,-3.371e+16,0.054,1.1995296059529e+16,0.2319999999999999,1
214213,802.0,0.00141,392.0,-4966.0,0.0322,1.1995296059529e+16,0.6609999999999999,1
295667,802.0,0.00114,0.13,-7479.0,0.04,1.52807e+16,631.0,1
219213,764.0,0.0,139.0,-4388.0,0.0363,161416.0,598.0,1
238973,0.8370000000000001,2.98e-05,0.0627,-5.46,0.0307,115.94,565.0,1
177960,985.0,0.0,166.0,-1038.0,0.0743,1.1995296059529e+16,0.476,1
258373,0.974,0.118,0.1159999999999999,-5274.0,85.0,1.66000999999999e+16,473.0,1
209480,836.0,0.000129,413.0,-4029.0,0.0281,105925.0,449.0,1
197053,804.0,0.0,0.0308,-5268.0,0.0361,142016.0,0.6659999999999999,1
209693,0.65,0.0,113.0,-5981.0,0.0383,117992.0,0.481,1
244760,914.0,8.92e-05,0.0483,-3.83399999999999e+16,107.0,97021.0,855.0,1
185080,815.0,1.23e-06,0.118,-7.92899999999999e+16,0.0524,140047.0,335.0,1
260609,0.46,0.00131,535.0,-8298.0,0.0425,9312899999999990.0,68.0,1
246173,903.0,7.06e-05,174.0,-5013.0,0.0371,135938.0,0.96,1
260160,912.0,177.0,157.0,-8547.0,0.0693,107131.0,596.0,1
210707,948.0,0.0117,968.0,-4.51699999999999e+16,0.1009999999999999,1.61472999999999e+16,0.5770000000000001,0
90667,493.0,12.0,0.104,-9996.0,0.104,89984.0,0.5820000000000001,0
198320,867.0,0.0,0.0874,-4904.0,0.0321,1.33072999999999e+16,0.81,0
216533,0.6809999999999999,0.0,0.2739999999999999,-4.983e+16,0.0306,131.99,0.8059999999999999,0
-1,617.0,0.6509999999999999,0.1119999999999999,-7973.0,0.0297,131924.0,0.47,0
190918,721.0,0.0,0.0626,-4.96399999999999e+16,0.0927,104943.0,0.41,0
554840,812.0,0.000139,0.11,-4816.0,0.0346,160.03,317.0,0
154749,655.0,0.0,0.3929999999999999,-8152999999999990.0,159.0,1.39712e+16,523.0,0
-1,374.0,0.0,0.0767,-8878.0,0.0272,111336.0,0.422,0
472933,0.0538,122.0,0.0602,-2.7769e+16,0.0359,9221799999999990.0,0.0805,0
-1,601.0,0.0,0.0582,-7507999999999990.0,309.0,199921.0,612.0,0
314493,757.0,0.0,0.37,-7307.0,0.357,1.1995296059529e+16,0.0707,0
198467,718.0,0.0,0.0934,-5755.0,0.0289,133993.0,0.5489999999999999,0
-1,0.37,0.000932,0.0886,-1.2017e+16,0.0463,88.36,0.208,0
222187,519.0,0.0,0.0954,-7971.0,0.0269,9008200000000000.0,496.0,0
297991,634.0,9.77e-05,127.0,-7811.0,0.21,93.05,0.43,0
234573,0.5760000000000001,392.0,201.0,-7705.0,0.0289,139981.0,0.1159999999999999,0
157608,581.0,0.0,149.0,-9767999999999990.0,456.0,9110799999999990.0,152.0,0
149987,485.0,2.33e-06,0.0716,-7164.0,0.0602,119161.0,768.0,0
299053,0.979,256.0,0.1689999999999999,-6269.0,408.0,1.52977999999999e+16,126.0,0
213253,426.0,0.0,919.0,-8648.0,0.0274,1.1995296059529e+16,489.0,0
252653,0.4579999999999999,0.000137,0.0784,-7652.0,0.0327,109089.0,0.7070000000000001,0
105820,0.918,785.0,244.0,-5005.0,107.0,1.1995296059529e+16,0.34,0
198400,627.0,0.0,159.0,-5657.0,47.0,149756.0,0.37,0
281080,635.0,0.000146,139.0,-5565.0,31.0,165983.0,0.206,0
183640,0.87,4.4e-06,0.2019999999999999,-5.86,0.1369999999999999,8339200000000000.0,763.0,0
215240,0.88,0.0,341.0,-5098.0,0.0379,76007.0,764.0,0
218624,938.0,0.0,0.31,-2681.0,287.0,1.34197999999999e+16,436.0,0
208467,888.0,2.23e-06,0.0888,-4.80699999999999e+16,0.0293,100975.0,0.5529999999999999,0
163933,0.43,1.99e-06,179.0,-8232000000000000.0,0.0434,1.23472e+16,0.5720000000000001,0
256440,0.427,2.48e-06,146.0,-1.2994e+16,0.0756,169831.0,0.5429999999999999,0
198053,0.0612,885.0,0.11,-2.5708e+16,0.0447,9286399999999990.0,0.11,0
162027,0.44,909.0,142.0,-9873.0,0.0436,154357.0,126.0,0
269373,0.959,0.0,0.0279999999999999,-4.04,0.0431,1.1995296059529e+16,365.0,0
149013,701.0,0.0,184.0,-1.2484e+16,0.0574,105696.0,563.0,0
229720,843.0,0.000559,132.0,-3988.0,0.0328,1.1995296059529e+16,494.0,0
-1,0.7909999999999999,0.0012,0.0555,-6.321e+16,0.0383,99992.0,0.8190000000000001,0
240733,883.0,0.0,105.0,-1936.0,102.0,159.91,0.7240000000000001,0
188693,354.0,0.000107,0.0879,-11112.0,0.0313,73007.0,522.0,0
-1,0.56,0.0299,155.0,-1.2972e+16,0.0329,104516.0,866.0,0
237027,845.0,5.29e-06,0.0598,-5058.0,0.352,94.0,929.0,0
331653,737.0,745.0,0.0865,-8961.0,0.0728,9613799999999990.0,0.0898,0
441013,498.0,0.8640000000000001,0.7040000000000001,-20596.0,0.0533,79023.0,358.0,0
368400,0.994,0.0415,304.0,-2.84899999999999e+16,0.0802,129993.0,475.0,0
217778,736.0,0.000169,598.0,-3.223e+16,0.0602,145061.0,494.0,0
212760,0.6759999999999999,2.57e-05,0.1119999999999999,-11717.0,0.0277,116486.0,961.0,0
285427,447.0,140999999999.999,273.0,-10714.0,0.052,102035.0,626.0,0
259040,0.0153,0.908,0.181,-3.0433e+16,0.0453,169.22,102.0,0
-1,882.0,0.000808,0.0824,-4979.0,109.0,144.28,573.0,0
-1,0.0169,773.0,0.108,-32245.0,0.0478,85068.0,0.05,0
243020,981.0,0.0,354.0,-2366.0,203.0,128093.0,534.0,0
184773,0.6579999999999999,3.79e-06,73.0,-6553.0,0.0568,156295.0,593.0,0
267400,742.0,0.6659999999999999,364.0,-6507999999999990.0,0.0649,206863.0,0.0653,0
177427,753.0,0.0968,212.0,-5058.0,214.0,162.92,672.0,0
257080,0.7859999999999999,178999999999.999,121.0,-4.88399999999999e+16,0.0269,88969.0,503.0,0
329133,0.0917,0.94,0.1119999999999999,-17.91,0.0407,1.27207e+16,0.0331,0
229027,973.0,0.0357,0.0528,-1236.0,0.143,9315299999999990.0,445.0,0
372187,244.0,0.93,129.0,-16472.0,0.0404,8373899999999990.0,0.06,0
-1,225.0,0.0577,0.0596,-16413.0,0.0498,1.1995296059529e+16,0.5920000000000001,0
308080,972.0,0.0034799999999999,0.0817,-3489.0,469.0,1.1995296059529e+16,0.103,0
373377,625.0,871.0,0.0654,-8396.0,0.0549,1.13996e+16,187.0,0
344160,888.0,0.0,0.15,-2.81399999999999e+16,0.036,119959.0,696.0,0
-1,627.0,2.99e-06,111.0,-5779.0,0.03,9590299999999990.0,0.17,0
158108,0.6990000000000001,0.0,231.0,-10665.0,478.0,1.47956e+16,381.0,0
325733,348.0,0.0257,294.0,-1.0197e+16,0.036,1.27542999999999e+16,0.5379999999999999,0
225107,917.0,0.0,307.0,-2839.0,0.0352,132.93,0.6509999999999999,0
157893,159.0,0.0,111.0,-13648.0,0.0331,1.46912999999999e+16,436.0,0
383973,0.3279999999999999,344.0,105.0,-1.2949e+16,0.0382,74668.0,696.0,0
181667,907.0,4.32e-06,353.0,-3938.0,0.0593,96515.0,303.0,0
205347,359.0,888.0,0.0816,-17719.0,0.0384,8389399999999990.0,313.0,0
241133,0.3939999999999999,0.0,0.3829999999999999,-9536.0,239.0,76277.0,292.0,0
148267,726.0,0.8909999999999999,243.0,-5.491e+16,0.0354,90969.0,0.56,0
92573,752.0,785.0,152.0,-5.76,0.0406,9501799999999990.0,474.0,0
247613,0.76,0.0,322.0,-7895.0,254.0,9308200000000000.0,951.0,0
147107,0.59,0.0,0.108,-4952.0,215.0,144.88,812.0,0
113813,0.186,1.32e-06,166.0,-13757.0,51.0,1.19747e+16,878.0,0
249600,871.0,1.93e-06,401.0,-2365.0,0.0714,204048.0,0.7859999999999999,0
318178,652.0,535.0,354.0,-11112.0,0.0748,8045100000000000.0,607.0,0
314080,0.5589999999999999,146.0,0.0822,-10.3,0.0336,95994.0,602.0,0
217440,902.0,0.0,242.0,-2975.0,0.1689999999999999,95321.0,0.82,0
180773,0.6759999999999999,221.0,741.0,-7273.0,0.04,9451799999999990.0,907.0,0
272379,0.74,0.0,149.0,-5.88399999999999e+16,298.0,78025.0,0.41,0
245947,684.0,0.0,113.0,-4745.0,0.31,164.07,255.0,0
367160,0.407,0.0571,0.103,-8.25,0.0279999999999999,90255.0,0.0433,0
588400,161.0,0.5589999999999999,0.12,-19.09,0.0535,93319.0,266.0,0
194053,188.0,929.0,0.1369999999999999,-20.45,0.0446,136.27,55.0,0
-1,0.5379999999999999,0.0,303.0,-7042999999999990.0,304.0,130129.0,325.0,0
208867,0.8009999999999999,0.0,132.0,-5992000000000000.0,0.35,1.1995296059529e+16,391.0,0
218000,0.921,0.0,0.0602,-4091.0,0.0387,1.1995296059529e+16,685.0,0
179453,309.0,0.8,0.103,-15882.0,0.0346,63827.0,0.0796,0
226027,951.0,0.000614,389.0,-2365.0,109.0,131814.0,0.3829999999999999,0
-1,534.0,0.000117,0.0889,-7347.0,0.0253,9299700000000000.0,182.0,0
398333,0.5660000000000001,149.0,129.0,-10696.0,0.0616,9764299999999990.0,0.51,0
231640,504.0,0.000633,106.0,-6.71,0.0251,1.1995296059529e+16,0.56,0
386533,129.0,0.5870000000000001,0.1,-2.33469999999999e+16,0.0393,1.20122999999999e+16,645.0,0
145027,0.5660000000000001,0.8740000000000001,0.0956,-1.09509999999999e+16,0.0376,149885.0,0.482,0
187653,601.0,0.000305,353.0,-6041.0,0.0487,8248100000000000.0,0.416,0
187134,0.407,775.0,0.1169999999999999,-1.0732e+16,0.0777,80748.0,0.238,0
304733,0.0581,0.89,0.0952,-26549.0,0.0447,9244200000000000.0,0.0731,0
448480,703.0,0.88,0.352,-16542.0,0.0498,1.25937999999999e+16,922.0,0
238054,649.0,0.0,371.0,-8623.0,53.0,120068.0,146.0,0
124400,217.0,0.000816,0.0853,-11499.0,0.0291,7486399999999990.0,364.0,0
197053,0.8370000000000001,0.0,0.0651,-4385.0,0.0356,1.70034e+16,857.0,0
243800,789.0,0.0178,127.0,-7035.0,0.0338,136041.0,434.0,0
153093,524.0,103000000000.0,161.0,-9.77,0.0339,130214.0,0.949,0
169613,0.7909999999999999,838.0,165.0,-8086.0,0.0582,1.1995296059529e+16,0.4029999999999999,0
284067,555.0,0.0001899999999999,0.0648,-12692.0,0.0385,1.14746e+16,0.8809999999999999,0
185387,284.0,0.0,114.0,-9087.0,0.0363,68.07,672.0,0
144333,261.0,0.0,0.0821,-19846.0,0.0938,97042.0,0.89,0
300427,963.0,0.0,0.5,-2.16,415.0,1.1995296059529e+16,494.0,0
141174,626.0,2.46e-06,682.0,-6069.0,0.3279999999999999,1.1995296059529e+16,738.0,0
299600,0.8109999999999999,0.0,363.0,-4481.0,0.0461,160.17,737.0,0
298200,691.0,0.0,0.0363,-6784.0,0.2189999999999999,1.38037999999999e+16,512.0,0
316004,0.5539999999999999,0.0,111.0,-8487.0,365.0,80.0,0.3279999999999999,0
205320,0.6409999999999999,0.952,0.11,-6854.0,33.0,1.86004e+16,0.1669999999999999,0
251320,0.7559999999999999,0.00121,0.33,-9216000000000000.0,0.0443,8379700000000000.0,0.346,0
213120,354.0,0.0,0.49,-10773.0,511.0,105005.0,561.0,0
195360,0.471,3.0,0.103,-10544.0,0.0371,146322.0,373.0,0
164666,0.17,286999999999.999,0.0619,-1.28479999999999e+16,0.0325,1.1995296059529e+16,305.0,0
287267,879.0,0.0484,0.3289999999999999,-5.23799999999999e+16,0.1009999999999999,180.05,196.0,0
288200,738.0,0.0,621.0,-7.21,415.0,1.75432e+16,595.0,0
-1,314.0,0.0124,129.0,-9072000000000000.0,0.0312,73.69,311.0,0
363800,0.0353,893.0,0.0729,-3.21419999999999e+16,0.0482,96.86,0.15,0
246938,0.67,0.0,289.0,-6457000000000000.0,61.0,1.43947999999999e+16,371.0,0
144493,897.0,0.0,0.1689999999999999,-3.96,142.0,100.14,499.0,0
233573,0.69,0.0,147.0,-8657.0,0.0454,117514.0,682.0,0
180675,0.47,0.0,643.0,-9.33,142.0,80027.0,581.0,0
215813,0.4429999999999999,0.0,0.0703,-7816.0,0.0436,78071.0,452.0,0
197013,662.0,0.0,0.0813,-5761.0,188.0,87904.0,626.0,0
255120,0.3,0.000842,483.0,-5.861e+16,0.0305,99677.0,0.2769999999999999,0
-1,995.0,0.000298,674.0,-3611.0,0.0636,117.26,142.0,0
289560,428.0,0.0,138.0,-1.3072e+16,192.0,141.95,0.3289999999999999,0
294933,0.437,0.000312,0.119,-8993.0,0.0326,129955.0,534.0,0
214800,792.0,0.0,335.0,-3512.0,0.0462,1.19997999999999e+16,615.0,0
238054,649.0,0.0,371.0,-8623.0,53.0,120068.0,146.0,0
290547,0.7929999999999999,0.000305,0.2269999999999999,-5465.0,0.0289999999999999,149958.0,313.0,0
123840,156.0,0.000587,623.0,-17959.0,39.0,135911.0,563.0,0
-1,0.949,3.72e-05,336.0,-4046.0,0.0514,150003.0,0.4589999999999999,0
499960,0.27,746.0,0.176,-13276.0,0.0421,71806.0,35.0,0
376500,0.8909999999999999,258.0,669.0,-4118.0,135.0,1.09952999999999e+16,544.0,0
193093,594.0,0.0,391.0,-9486.0,0.0816,112568.0,562.0,0
184500,524.0,0.0,0.08,-6225.0,192.0,80538.0,0.8909999999999999,0
195053,782.0,0.0,0.108,-3395.0,0.0477,162005.0,396.0,0
180400,917.0,4.35e-05,409.0,-4516.0,0.1939999999999999,7947800000000000.0,0.4429999999999999,0
175721,552.0,0.0,102.0,-7676.0,0.0685,1.1995296059529e+16,0.21,0
202467,0.939,898.0,0.0819999999999999,-3.65,0.0382,84.08,615.0,0
295867,637.0,0.0,0.0727,-6563.0,0.0291,95509.0,0.9,0
192200,0.0941,762.0,0.119,-20776.0,0.0517,1.23967e+16,0.4029999999999999,0
467760,0.291,0.0283,0.0453,-13953.0,0.0425,1.06247e+16,423.0,0
316653,607.0,0.1669999999999999,0.104,-8637.0,0.0396,79975.0,0.6609999999999999,0
203120,0.8590000000000001,0.0,145.0,-5.137e+16,0.0424,140.9,637.0,0
242147,552.0,0.0328,0.6409999999999999,-6885.0,0.0272,106.92,0.206,0
195053,0.7879999999999999,0.0,0.173,-5.757e+16,0.0994,1.1995296059529e+16,384.0,0
214027,935.0,121.0,0.0654,-3.63,0.0429,1.1995296059529e+16,682.0,0
170658,873.0,0.0,304.0,-4052.0,247.0,1.22018999999999e+16,833.0,0
136493,174.0,0.0,124.0,-12.56,0.0292,1.1995296059529e+16,0.288,0
205160,0.357,667.0,131.0,-17063.0,0.0343,1.1995296059529e+16,292.0,0
223373,755.0,0.0725,348.0,-7568.0,0.0315,157993.0,532.0,0
389395,379.0,0.00413,951.0,-9.93,0.0307,105734.0,285.0,0
208280,0.1159999999999999,0.959,0.144,-2.3543e+16,0.0464,114943.0,0.0383,0
-1,738.0,79299999999.9999,0.12,-5855.0,0.283,207852.0,565.0,0
163480,752.0,0.0,0.11,-4942.0,449.0,140018.0,575.0,0
260094,561.0,0.0,556.0,-5364.0,0.0351,139959.0,149.0,0
223480,562.0,2.01e-06,0.11,-8.92,168.0,181014.0,0.288,0
-1,425.0,1.53e-05,0.0603,-11332.0,0.0472,120.15,654.0,0
219173,0.4039999999999999,909.0,107.0,-13.79,0.0437,96979.0,565.0,0
275200,0.8959999999999999,0.0312,128.0,-2695.0,374.0,7589699999999990.0,149.0,0
524093,368.0,0.00305,0.0972,-11567.0,0.0439,117161.0,249.0,0
-1,488.0,4.44e-06,0.0634,-7256.0,0.0538,9398100000000000.0,465.0,0
304693,429.0,0.0,0.0643,-1.2824e+16,0.0289,1.18732e+16,528.0,0
305219,0.6679999999999999,66599999999.9999,0.0963,-7.236e+16,0.0371,1.25027999999999e+16,0.3779999999999999,0
273810,584.0,0.0,0.176,-6397.0,396.0,71666.0,0.35,0
-1,769.0,1.43e-06,76.0,-5.78,0.0384,127.96,941.0,0
-1,221.0,852.0,113.0,-20078.0,0.0329,128154.0,198.0,0
128787,0.92,0.8140000000000001,0.16,-3.098e+16,0.0491,82.87,0.6629999999999999,0
274507,0.0526,0.969,0.0707,-26037.0,0.0402,1.1995296059529e+16,0.0356,0
413880,991.0,0.00392,0.3389999999999999,-6725.0,256.0,152596.0,0.0676,0
334173,0.497,0.89,0.104,-10742.0,0.0433,1.25003999999999e+16,0.4589999999999999,0
553500,0.7909999999999999,0.7509999999999999,0.1,-12.4,0.0554,1.16003999999999e+16,0.11,0
492267,0.352,0.283,0.11,-1.02389999999999e+16,0.0345,1.21437999999999e+16,0.492,0
201347,0.8690000000000001,0.0,0.14,-4624.0,0.0496,80.98,809.0,0
191252,467.0,0.0002379999999999,0.3339999999999999,-8443.0,0.119,135995.0,287.0,0
180600,619.0,1.95e-06,0.178,-7136.0,282.0,67153.0,405.0,0
194227,815.0,0.0,0.27,-5.55,0.0368,147974.0,618.0,0
349980,0.48,0.0468,599.0,-10737.0,0.0355,86054.0,243.0,0
224587,831.0,402.0,114.0,-6372000000000000.0,0.0298,90008.0,0.5329999999999999,0
522075,688.0,861.0,0.1939999999999999,-9605.0,0.0375,1.27002999999999e+16,0.8079999999999999,0
175093,0.939,0.0,139.0,-3127.0,126.0,1.77750999999999e+16,893.0,0
295067,852.0,9.84e-06,276.0,-3446.0,161.0,147001.0,436.0,0
329187,662.0,0.0,345.0,-7757999999999990.0,0.0446,94531.0,0.471,0
127335,807.0,0.0,125.0,-4466.0,0.18,135754.0,691.0,0
313400,0.6759999999999999,0.00118,948.0,-8054.0,0.0342,1.1995296059529e+16,0.482,0
192905,973.0,0.8390000000000001,0.0381,-2112.0,0.26,160018.0,135.0,0
309227,745.0,873.0,365.0,-6961.0,0.0424,122016.0,161.0,0
281147,905.0,0.00199,0.0724,-6.51399999999999e+16,0.0486,1.26792999999999e+16,672.0,0
533684,0.0828,609.0,214.0,-22039.0,0.0474,1.25092999999999e+16,0.4589999999999999,0
239730,0.4379999999999999,0.000133,0.104,-7955.0,0.0264,7099600000000000.0,231.0,0
259231,963.0,0.000151,175.0,-2662.0,0.0498,155934.0,0.5670000000000001,0
-1,0.7879999999999999,395.0,0.29,-7772.0,0.0289,126355.0,657.0,0
667973,531.0,0.000868,135.0,-9054.0,0.0495,82.36,546.0,0
205559,0.7340000000000001,0.0,0.2,-5.72,31.0,74995.0,0.5920000000000001,0
227159,679.0,0.0,0.0787,-7019.0,0.1169999999999999,78817.0,0.412,0
346733,0.412,0.0,0.0611,-4877.0,0.0453,99964.0,614.0,0
181948,649.0,0.0,0.1009999999999999,-6082999999999990.0,315.0,118.04,629.0,0
85775,722.0,892.0,0.0895,-4872.0,0.0787,8951899999999990.0,769.0,0
164083,0.7120000000000001,9.1e-05,0.357,-7278.0,691.0,137453.0,0.23,0
161544,0.65,204.0,0.2239999999999999,-7676.0,183.0,1.1995296059529e+16,0.357,0
160240,0.411,0.0086,106.0,-8988.0,0.0507,76005.0,0.6509999999999999,0
209877,735.0,0.0,0.13,-5.40799999999999e+16,0.0518,121947.0,752.0,0
184615,563.0,0.0021,0.1119999999999999,-8552999999999990.0,0.0675,1.55962e+16,618.0,0
207573,0.5489999999999999,0.0286,0.0928,-8012.0,0.0766,148118.0,0.0854,0
130342,684.0,0.0,473.0,-8138.0,0.5489999999999999,89963.0,767.0,0
139400,812.0,875.0,0.181,-10686.0,0.0436,1.23597e+16,276.0,0
195200,418.0,2.43e-06,0.1169999999999999,-5181.0,0.0454,1.01032e+16,0.921,0
67520,0.5920000000000001,0.0,534.0,-1.0879e+16,289.0,8497399999999990.0,0.6729999999999999,0
187053,0.7070000000000001,0.0,0.17,-3841.0,0.0293,126057.0,473.0,0
227027,0.66,0.0,151.0,-6.87,0.0436,138034.0,259.0,0
214093,826.0,0.000113,0.3429999999999999,-5042.0,0.0302,120.98,534.0,0
271640,0.8220000000000001,0.0,106.0,-4.06,68.0,134776.0,0.2789999999999999,0
298600,895.0,4.17e-06,0.4,-3258.0,335.0,1.67974e+16,779.0,0
358387,0.4639999999999999,0.916,109.0,-17747.0,0.0471,177829.0,113.0,0
281640,986.0,2.14e-05,0.3379999999999999,-4843.0,0.23,169976.0,0.143,0
227187,616.0,0.0,316.0,-6.677e+16,364.0,8254799999999990.0,607.0,0
1617333,0.123,0.74,711.0,-17919.0,0.0396,56855.0,0.0446,0
128000,917.0,0.422,515.0,-3181.0,0.2189999999999999,150.01,526.0,0
-1,0.0406,0.0823,605.0,-29209.0,0.0558,75319.0,0.1639999999999999,0
196227,0.4479999999999999,0.0,102.0,-1.0709e+16,0.0265,1.1995296059529e+16,0.5529999999999999,0
226787,0.0338,885.0,0.09,-2.6563e+16,0.0474,1.1995296059529e+16,0.0376,0
106933,203.0,0.8859999999999999,313.0,-19116.0,0.04,109666.0,172.0,0
180510,868.0,0.11,124.0,-4223.0,159.0,149.95,0.7020000000000001,0
219000,0.87,109.0,129.0,-3492.0,0.0523,1.60043999999999e+16,345.0,0
-1,888.0,0.000376,0.1159999999999999,-4181.0,0.1159999999999999,115005.0,0.6,0
257640,879.0,0.0,102.0,-4444.0,245.0,90338.0,893.0,0
-1,213.0,0.00128,138.0,-13443.0,0.0603,102223.0,0.71,0
125747,738.0,0.0,0.0894,-6957999999999990.0,0.4,184078.0,544.0,0
184000,611.0,0.0288,0.118,-10708.0,0.0275,93119.0,0.6890000000000001,0
252493,841.0,0.0,0.13,-5.50899999999999e+16,0.0258,138029.0,512.0,0
-1,0.5589999999999999,7.49e-06,109.0,-9222000000000000.0,0.0959,78558.0,0.62,0
-1,366.0,0.00229,375.0,-11636.0,0.0683,80491.0,386.0,0
294000,925.0,799.0,106.0,-5.45,0.0382,1.76009e+16,145.0,0
478428,0.926,0.0117,341.0,-4947.0,0.0832,106315.0,619.0,0
177000,501.0,0.0,106.0,-8959.0,0.492,129828.0,0.173,0
375050,544.0,0.0,0.17,-5065.0,369.0,159517.0,231.0,0
-1,132.0,0.8320000000000001,249.0,-17153.0,0.0413,1.1995296059529e+16,0.216,0
394147,0.481,0.0001189999999999,0.108,-7.15799999999999e+16,0.0288,9003299999999990.0,467.0,0
263533,0.5429999999999999,0.5589999999999999,0.11,-8418.0,0.0638,166024.0,0.7959999999999999,0
-1,527.0,0.000214,0.372,-9371.0,109.0,151657.0,0.2269999999999999,0
643545,0.64,0.00447,693.0,-12263.0,0.0761,159814.0,0.411,0
395253,0.57,0.000118,0.246,-10118.0,0.0486,122.83,0.6679999999999999,0
498840,0.0431,935.0,0.11,-25246.0,0.0396,129786.0,145.0,0
184427,863.0,0.0,0.3389999999999999,-3424.0,0.0626,93977.0,0.4679999999999999,0
213253,111.0,0.7070000000000001,109.0,-17324.0,0.0588,9668799999999990.0,0.1369999999999999,0
250760,115.0,0.0807,0.16,-18408.0,34.0,1.07798999999999e+16,0.15,0
287365,919.0,899.0,0.61,-6234.0,0.0489,93045.0,205.0,0
137350,0.104,828.0,136.0,-21608.0,46.0,6832300000000000.0,0.0323,0
264840,526.0,0.0128,127.0,-7502999999999990.0,0.0284,155972.0,0.3829999999999999,0
-1,981.0,7.45e-05,0.8540000000000001,-1743.0,162.0,88.21,369.0,0
166707,894.0,0.00041,187.0,-6699.0,174.0,108725.0,0.63,0
241947,0.75,0.0,146.0,-4558.0,0.0522,77817.0,392.0,0
229400,467.0,0.000134,314.0,-6645.0,253.0,96056.0,312.0,0
294040,835.0,0.0,0.108,-6191.0,308.0,133024.0,0.7020000000000001,0
143320,327.0,158.0,111.0,-9072000000000000.0,0.0288,113803.0,557.0,0
139279,672.0,0.0,141.0,-7925.0,0.32,76023.0,871.0,0
284093,0.8959999999999999,0.0,322.0,-7974.0,203.0,9337799999999990.0,0.362,0
-1,757.0,0.0,363.0,-5358.0,0.356,9299600000000000.0,0.6459999999999999,0
350107,0.00914,934.0,109.0,-3.12309999999999e+16,0.0362,6714399999999990.0,0.0383,0
308373,535.0,1.96e-06,156.0,-13261.0,0.0355,127488.0,963.0,0
460613,153.0,975.0,0.108,-20.82,0.0386,1.1995296059529e+16,0.0367,0
177867,218.0,941.0,125.0,-1.2529e+16,0.0416,62838.0,0.0298,0
217419,691.0,0.0,0.0969999999999999,-4862.0,258.0,8214200000000000.0,638.0,0
211520,0.65,0.0,0.119,-9574.0,0.1989999999999999,84461.0,0.4379999999999999,0
200865,614.0,0.0,161.0,-6.82799999999999e+16,126.0,90523.0,616.0,0
256560,875.0,0.0,315.0,-4542.0,0.0406,104.04,546.0,0
85707,0.00251,0.926,0.0571,-38718.0,0.0535,62.44,0.0896,0
228667,855.0,0.00104,0.0499,-8919.0,0.2269999999999999,9901799999999990.0,415.0,0
210550,0.79,6.74e-06,326.0,-7155.0,0.0295,91029.0,718.0,0
-1,0.6659999999999999,0.00032,0.34,-10212.0,0.0297,120296.0,882.0,0
172520,0.8640000000000001,0.0,0.0743,-4.04,0.0948,185736.0,0.7709999999999999,0
216693,807.0,0.00123,0.37,-8286.0,0.0559,1.21767999999999e+16,754.0,0
145120,564.0,3.89e-06,0.103,-9241.0,0.216,122111.0,408.0,0
333867,0.6759999999999999,701.0,478.0,-8.7,0.1119999999999999,149.22,599.0,0
286067,0.37,0.000315,73.0,-16651.0,35.0,1.22997e+16,519.0,0
233147,863.0,0.0,228.0,-4.87,131.0,150029.0,0.476,0
255400,225.0,1.34e-06,0.0867,-8217.0,0.0347,1.1995296059529e+16,0.487,0
214945,204.0,0.0,109.0,-15395.0,0.0448,1.20137999999999e+16,282.0,0
202307,805.0,0.0,664.0,-5465.0,0.16,143755.0,282.0,0
278067,622.0,596999999999.999,109.0,-6063.0,0.0428,88684.0,0.51,0
288053,467.0,175.0,0.0805,-10862.0,0.0305,113713.0,444.0,0
231224,479.0,872.0,107.0,-6791.0,0.0868,9200299999999990.0,652.0,0
200360,0.7859999999999999,0.00752,107.0,-10.51,35.0,142266.0,696.0,0
184920,701.0,0.0,0.0977,-3807.0,0.0288,1.51947999999999e+16,613.0,0
295987,0.6990000000000001,0.0,0.0884,-4485.0,0.037,1.1995296059529e+16,496.0,0
209160,512.0,0.0186,121.0,-7.637e+16,0.0327,65145.0,321.0,0
228520,0.944,0.000587,193.0,-4673.0,0.0686,94414.0,763.0,0
509107,479.0,907.0,0.0279,-10759.0,0.0822,95.99,645.0,0
370453,496.0,831.0,0.3429999999999999,-11866.0,0.0396,95.0,0.0801,0
246693,528.0,1.63e-05,0.0799,-6939.0,45.0,88105.0,955.0,0
337017,0.54,0.0127,0.08,-11003.0,0.216,1.1995296059529e+16,287.0,0
261176,526.0,0.0,0.0744,-6228.0,233.0,136105.0,568.0,0
260200,0.7390000000000001,3.86e-05,0.11,-7615.0,43.0,90.96,595.0,0
212160,389.0,904.0,513.0,-1.13009999999999e+16,38.0,1.63162999999999e+16,155.0,0
320520,0.22,1.07e-06,113.0,-11727.0,43.0,156109.0,349.0,0
204402,0.908,0.0362,0.18,-7928.0,0.103,1.60912999999999e+16,0.38,0
160440,0.8290000000000001,0.00125,168.0,-5.58,0.15,122051.0,435.0,0
253947,0.921,8.04e-05,0.0802,-4165.0,0.0807,184.78,0.241,0
142573,252.0,6.11e-05,126.0,-1.06909999999999e+16,0.0287,111721.0,0.0792,0
251173,0.00709,0.208,0.0981,-33602.0,0.0436,94681.0,0.037,0
575933,479.0,779.0,0.0942,-8389.0,0.0278,9001100000000000.0,0.1689999999999999,0
285533,0.5479999999999999,857.0,0.0892,-11204.0,0.0316,109.96,629.0,0
184490,0.497,0.0,0.3339999999999999,-5309.0,152.0,147026.0,67.0,0
343467,491.0,0.931,0.0842,-7412000000000000.0,63.0,124557.0,389.0,0
144600,958.0,0.959,315.0,-9171.0,0.0408,99993.0,727.0,0
-1,395.0,3.66e-05,0.14,-14067.0,0.0296,101564.0,466.0,0
184169,0.093,0.957,0.0757,-2.3238e+16,0.0367,102.96,127.0,0
251667,0.6509999999999999,0.0,0.0408,-8074.0,252.0,9202799999999990.0,102.0,0
230600,0.8079999999999999,0.0,0.2689999999999999,-4.156e+16,0.0963,92064.0,0.7090000000000001,0
177000,888.0,7.22e-06,156.0,-3.68,0.0291,104976.0,386.0,0
131200,431.0,0.0,0.36,-1.0847e+16,0.0304,9398100000000000.0,0.74,0
305680,0.96,0.0,0.0626,-1.61599999999999e+16,198.0,157.02,645.0,0
232880,0.6,0.0,0.0957,-11618.0,39.0,143861.0,611.0,0
335893,816.0,0.0,105.0,-3.913e+16,0.0358,8201700000000000.0,275.0,0
-1,621.0,91599999999.9999,0.104,-4685.0,0.0892,101995.0,762.0,0
37027,349.0,581.0,158.0,-1.7519e+16,0.0475,155418.0,0.0298,0
89958,433.0,764.0,0.108,-1.0354e+16,146.0,80038.0,546.0,0
194581,556.0,0.0597,126.0,-8.28,46.0,1.29537999999999e+16,0.2,0
350467,0.59,0.06,0.0961,-7421.0,47.0,1.20017e+16,662.0,0
180000,742.0,0.0,433.0,-7041.0,0.0846,160037.0,657.0,0
231368,885.0,1.97e-06,166.0,-7695.0,0.0777,113807.0,0.211,0
541640,937.0,0.47,0.86,-7032.0,0.103,1.53323999999999e+16,0.427,0
195347,601.0,0.0,272.0,-8402000000000000.0,171.0,1.68995999999999e+16,0.4479999999999999,0
245693,519.0,0.00599,249.0,-7585.0,0.0274,151267.0,0.3829999999999999,0
374093,0.1159999999999999,848.0,107.0,-2.19459999999999e+16,0.0354,105115.0,344.0,0
241680,746.0,0.21,0.0997,-7.07299999999999e+16,0.0431,166597.0,866.0,0
312280,691.0,0.00404,147.0,-7984.0,0.0248,82118.0,0.421,0
205640,243.0,0.0296,0.108,-1.1664e+16,0.0541,74258.0,0.6679999999999999,0
229520,0.5579999999999999,375.0,0.0732,-8353.0,0.0441,92948.0,0.416,0
-1,0.3429999999999999,5.48e-06,102.0,-7641.0,0.38,72348.0,0.372,0
268138,0.74,807.0,0.0899,-5.50899999999999e+16,0.0741,144935.0,363.0,0
60000,532.0,0.0,478.0,-11554.0,508.0,84777.0,413.0,0
192923,0.7659999999999999,0.0,115.0,-3697.0,0.0891,129985.0,0.6759999999999999,0
400711,752.0,0.0214,0.1169999999999999,-5002.0,0.0386,111105.0,461.0,0
236533,0.8140000000000001,687.0,0.1169999999999999,-5.611e+16,177.0,102619.0,649.0,0
149647,0.6659999999999999,552.0,0.0745,-5995.0,0.2269999999999999,1.1995296059529e+16,483.0,0
262253,523.0,778.0,0.14,-6601.0,0.1169999999999999,143844.0,444.0,0
250128,0.962,9.61e-06,273.0,-2.93,107.0,8800299999999990.0,0.4589999999999999,0
287033,653.0,0.0205,254.0,-7358.0,0.0314,1.55692999999999e+16,434.0,0
239640,0.2789999999999999,907.0,107.0,-12694.0,0.0339,8991799999999990.0,293.0,0
204533,0.7909999999999999,0.0,0.16,-4397.0,0.0331,93992.0,0.8959999999999999,0
187853,845.0,1.4e-06,0.0843,-4115.0,0.0571,1.30022e+16,428.0,0
245040,767.0,887.0,0.0467,-7.177e+16,0.0375,1.1995296059529e+16,877.0,0
-1,0.7240000000000001,6.75e-06,157.0,-5142.0,0.0892,145908.0,384.0,0
217920,616.0,9.33e-06,0.123,-3.401e+16,0.0987,8393700000000000.0,305.0,0
264667,0.206,0.000108,67.0,-14855.0,0.0333,167169.0,336.0,0
325385,0.7559999999999999,868.0,0.11,-9421.0,0.0381,129998.0,106.0,0
130909,914.0,0.0,0.0787,-2925.0,266.0,9353200000000000.0,687.0,0
256000,503.0,0.000692,0.104,-7189.0,0.0437,1.1995296059529e+16,0.55,0
210707,971.0,0.0,141.0,-3.66,0.0476,144031.0,414.0,0
418027,0.34,0.0,0.0975,-8161.0,0.026,78.31,325.0,0
224341,774.0,0.0,111.0,-5159.0,0.0289,82993.0,695.0,0
408920,0.482,0.00787,337.0,-6.85,0.0305,125844.0,152.0,0
260467,0.3929999999999999,0.0008449999999999,0.143,-9309.0,0.0244,7553699999999990.0,0.2289999999999999,0
148747,598.0,0.0030399999999999,135.0,-6667000000000000.0,0.0612,141934.0,561.0,0
232400,726.0,0.0235,332.0,-12614.0,0.0549,126105.0,884.0,0
199240,895.0,1.12e-06,131.0,-7145.0,0.0445,134595.0,0.95,0
-1,747.0,2.12e-06,171.0,-5731.0,0.0329,106977.0,282.0,0
181333,965.0,0.000742,687.0,-6724.0,0.0429,178963.0,0.7929999999999999,0
190400,0.0619,0.8909999999999999,0.11,-20494.0,0.0363,60705.0,0.1969999999999999,0
190240,0.3429999999999999,0.0,0.0805,-9418.0,508.0,124051.0,564.0,0
-1,0.984,1.84e-05,0.288,-2654.0,0.186,182.41,0.36,0
193787,0.0969,0.0,105.0,-16482.0,0.0435,144077.0,0.39,0
235416,826.0,0.0,113.0,-5167000000000000.0,132.0,167988.0,408.0,0
212907,838.0,8.8e-06,105.0,-5.922e+16,314.0,168114.0,872.0,0
324100,943.0,0.0,0.21,-3.046e+16,0.0354,9248299999999990.0,396.0,0
370160,643.0,711.0,0.119,-8081.0,0.027,102.0,436.0,0
225800,779.0,0.0,0.1169999999999999,-5084.0,287.0,8333200000000000.0,887.0,0
309573,708.0,0.0197,0.0764,-9367.0,0.0263,100698.0,0.8909999999999999,0
208147,0.0867,0.86,0.407,-2.2613e+16,0.0527,79847.0,0.82,0
289800,0.7240000000000001,0.0325,305.0,-4.67399999999999e+16,0.0402,9101700000000000.0,607.0,0
247202,903.0,0.0,155.0,-4327.0,0.12,131957.0,0.432,0
301613,0.97,0.4029999999999999,308.0,-3615.0,132.0,109.8,0.351,0
249147,0.476,596999999999.999,0.103,-1.04409999999999e+16,0.0721,88053.0,522.0,0
213667,395.0,0.0,0.346,-1.1674e+16,0.0306,136467.0,616.0,0
220187,815.0,506000000000.0,261.0,-9725.0,0.0478,131547.0,593.0,0
132733,0.994,126.0,314.0,-1.884e+16,0.103,171433.0,847.0,0
-1,461.0,0.7929999999999999,113.0,-10.65,0.0331,87.03,0.103,0
148067,0.352,0.7879999999999999,217.0,-13681.0,0.0352,84439.0,204.0,0
160500,0.27,0.901,257.0,-1.37229999999999e+16,0.0781,80009.0,0.108,0
225533,0.8909999999999999,0.0,109.0,-4771.0,305.0,91316.0,0.69,0
318000,0.0153,877.0,0.0674,-29801.0,0.0408,1.1995296059529e+16,0.118,0
213402,0.76,0.0,359.0,-5546.0,221.0,96044.0,0.24,0
253467,925.0,0.0857,581.0,-4.09,0.1639999999999999,127984.0,0.0534,0
197160,848.0,71400000000.0,111.0,-5726.0,0.0361,132004.0,0.49,0
310707,0.7070000000000001,0.00084,212.0,-4.84399999999999e+16,0.0261,180.03,517.0,0
203327,523.0,0.0,0.2769999999999999,-6335.0,0.206,133921.0,0.8270000000000001,0
322613,768.0,0.00859,134.0,-4.21,0.0562,134408.0,672.0,0
-1,892.0,0.000144,831.0,-2278.0,0.0557,120.1,0.3339999999999999,0
322547,324.0,0.7240000000000001,551.0,-1.4972e+16,0.0408,115836.0,395.0,0
373930,0.5870000000000001,0.74,684.0,-11238.0,0.0331,1.28007999999999e+16,38.0,0
-1,508.0,0.0706,157.0,-7153.0,231.0,137954.0,0.356,0
369338,517.0,0.246,0.1159999999999999,-8214.0,0.0631,173743.0,109.0,0
173000,0.437,0.967,132.0,-1.40159999999999e+16,0.0503,1.1995296059529e+16,142.0,0
-1,835.0,0.0,409.0,-3451.0,0.059,91035.0,165.0,0
208493,596.0,335.0,0.148,-7744.0,192.0,1.1995296059529e+16,368.0,0
192444,0.6990000000000001,3.09e-05,0.2,-6.882e+16,0.0582,92006.0,368.0,0
222369,0.5870000000000001,909.0,157.0,-6266.0,0.0413,145036.0,0.3229999999999999,0
198107,0.0769,0.00144,113.0,-20142.0,32.0,171168.0,518.0,0
410867,0.5710000000000001,0.00945,0.0553,-8341000000000000.0,0.0281,139226.0,0.492,0
161360,0.0119,925.0,102.0,-32855.0,0.0357,72774.0,0.14,0
-1,721.0,505.0,0.0968,-8008.0,0.0532,1.19996e+16,366.0,0
181360,872.0,0.0,335.0,-883.0,0.17,97978.0,0.6829999999999999,0
221027,726.0,276.0,129.0,-8435.0,252.0,96.12,616.0,0
217067,626.0,0.0,349.0,-7155.0,45.0,134028.0,498.0,0
-1,727.0,0.0001409999999999,0.1689999999999999,-7.951e+16,145.0,160.82,0.5660000000000001,0
368533,0.33,546.0,807.0,-16029.0,0.0265,1.06142e+16,297.0,0
-1,596.0,0.00159,358.0,-7539.0,0.246,9496799999999990.0,0.54,0
213267,493.0,0.0,0.241,-8786.0,0.0327,127671.0,467.0,0
450413,0.0118,847.0,0.0709,-3.10669999999999e+16,0.0467,8015100000000000.0,0.0524,0
182187,526.0,2.3e-06,0.089,-7372000000000000.0,0.0363,76447.0,0.3379999999999999,0
-1,0.1119999999999999,924.0,0.123,-24031.0,0.0348,139968.0,0.487,0
-1,0.83,113.0,0.3389999999999999,-5021.0,0.0463,9481200000000000.0,0.906,0
232533,484.0,2.92e-06,256.0,-7.111e+16,0.0254,144872.0,519.0,0
266493,337.0,0.000946,0.0981,-11439.0,0.0326,1.1995296059529e+16,0.0784,0
207067,605.0,0.0,0.1119999999999999,-4641.0,0.093,77493.0,435.0,0
-1,126.0,0.939,124.0,-20634.0,0.0286,8437700000000000.0,307.0,0
143581,0.208,4.72e-06,0.0856,-12955.0,0.0341,67714.0,379.0,0
257280,0.0169,0.35,0.0731,-2.6569e+16,0.0496,77.78,0.0311,0
137134,595.0,37000000000.0,0.0876,-6346.0,91.0,140039.0,157.0,0
182773,0.0805,0.0125,0.0841,-21025.0,0.0428,89936.0,0.0574,0
55101,0.4529999999999999,875.0,106.0,-21199.0,0.0684,82184.0,764.0,0
307640,813.0,2.77e-06,602.0,-7797999999999990.0,0.0664,127979.0,436.0,0
708760,0.0514,0.8740000000000001,0.1009999999999999,-23135.0,0.0451,110333.0,0.0388,0
-1,182.0,0.939,429.0,-17152.0,39.0,136472.0,127.0,0
211587,0.8809999999999999,1.07e-05,254.0,-4835.0,0.0352,128045.0,0.75,0
349933,631.0,0.0,0.12,-5662000000000000.0,0.103,1.05988999999999e+16,142.0,0
422133,0.0068099999999999,0.0844,0.0681,-37783.0,0.0456,79046.0,0.0702,0
306333,0.67,0.913,121.0,-9736.0,0.0297,95109.0,706.0,0
-1,784.0,0.0172,266.0,-5.031e+16,0.0615,168364.0,462.0,0
217227,0.3829999999999999,0.0,392.0,-1.3074e+16,0.0464,110522.0,0.8640000000000001,0
512173,0.0744,0.7609999999999999,0.0785,-22592.0,0.0408,1.1995296059529e+16,0.0761,0
-1,677.0,0.0,0.0793,-5.12,255.0,1.1995296059529e+16,0.0845,0
233853,508.0,0.0,166.0,-6845.0,0.0235,77.31,358.0,0
228923,425.0,0.108,785.0,-14148.0,0.71,129929.0,0.5479999999999999,0
210520,935.0,7.55e-06,302.0,-5.69,0.0698,135762.0,0.17,0
288733,335.0,0.427,111.0,-8298.0,0.0329,77078.0,0.0686,0
226560,722.0,848.0,133.0,-8987.0,0.0457,139077.0,192.0,0
86944,431.0,0.0,149.0,-11147.0,541.0,83509.0,935.0,0
177000,895.0,0.0,0.0626,-4027.0,147.0,1.1995296059529e+16,654.0,0
249600,0.964,0.0273,0.0832,-1.97099999999999e+16,0.5329999999999999,150237.0,198.0,0
208320,488.0,281000000000.0,0.148,-1.0181e+16,198.0,111838.0,267.0,0
266893,629.0,0.0,254.0,-4938.0,0.0782,93985.0,726.0,0
-1,0.0382,0.969,0.17,-29885.0,0.0443,136392.0,127.0,0
183573,0.356,0.0352,115.0,-15243.0,242.0,126902.0,741.0,0
234080,0.36,0.0,233.0,-8841000000000000.0,0.0309,122021.0,0.347,0
157307,728.0,332999999999.999,0.351,-9.14,0.0984,78205.0,731.0,0
61867,147.0,0.3929999999999999,0.0852,-2.4839e+16,0.0413,1.64162999999999e+16,0.5760000000000001,0
271027,0.71,0.0,0.0967,-5659.0,0.0321,143968.0,242.0,0
154373,0.67,0.0,0.12,-7626.0,225.0,173915.0,636.0,0
431936,752.0,1.57e-05,0.0966,-5622999999999990.0,0.1,173715.0,636.0,0
323307,523.0,0.0,405.0,-9417.0,0.5920000000000001,73.79,243.0,0
225600,0.5539999999999999,0.0,127.0,-6624.0,0.0451,119993.0,225.0,0
228907,619.0,0.0,107.0,-8156.0,0.0864,1.1995296059529e+16,386.0,0
254867,675.0,293.0,159.0,-6702000000000000.0,0.0337,137268.0,184.0,0
248506,625.0,0.0,0.15,-4194.0,0.0542,1.23982999999999e+16,0.216,0
215067,395.0,0.00546,122.0,-8639.0,0.123,170074.0,0.1369999999999999,0
201920,0.55,0.0,0.0892,-6587999999999990.0,0.0436,7601100000000000.0,785.0,0
170539,0.8140000000000001,0.0,0.143,-5398.0,0.0416,146.99,0.7090000000000001,0
329627,877.0,0.0,0.14,-4074.0,264.0,92165.0,779.0,0
233160,677.0,0.00162,105.0,-11843.0,0.0453,187622.0,223.0,0
-1,0.5489999999999999,0.0,57.0,-5722.0,0.1669999999999999,121954.0,209.0,0
236947,687.0,0.0,0.0615,-7744.0,107.0,1.15033999999999e+16,0.432,0
259773,903.0,97400000000.0,109.0,-6422999999999990.0,0.0739,1.95909e+16,353.0,0
230613,943.0,0.0314,222.0,-4.483e+16,0.0673,96006.0,262.0,0
173933,0.5,12.0,287.0,-18.39,0.0445,1.05357e+16,0.962,0
211147,0.78,0.000518,0.0897,-5271.0,0.0339,78.99,0.3829999999999999,0
194227,815.0,0.0,0.27,-5.55,0.0368,147974.0,618.0,0
211212,665.0,0.0,179.0,-5.611e+16,0.0722,1.04238999999999e+16,807.0,0
204933,948.0,925.0,0.0928,-7.536e+16,0.0512,192043.0,0.8759999999999999,0
218293,342.0,68400000000.0,297.0,-1.3197e+16,0.0301,7801899999999990.0,0.432,0
131024,0.2339999999999999,4.3e-05,114.0,-1.45409999999999e+16,0.0383,1.30302e+16,484.0,0
263240,0.2339999999999999,885.0,0.0781,-19277.0,43.0,129471.0,294.0,0
196597,0.931,852.0,0.356,-3.81699999999999e+16,0.0708,140031.0,0.3279999999999999,0
190119,0.7929999999999999,485999999999.999,142.0,-6898.0,153.0,127994.0,439.0,0
130293,565.0,0.0,0.38,-9482999999999990.0,0.0541,113713.0,0.8440000000000001,0
191200,882.0,0.0,282.0,-8624.0,0.0386,1.1995296059529e+16,0.964,0
270690,0.92,955.0,0.206,-5675.0,0.0441,73984.0,595.0,0
351587,39.0,726.0,106.0,-1.6647e+16,0.0728,77222.0,0.0979,0
284093,0.954,0.8340000000000001,0.07,-7914.0,0.0707,1.24982e+16,897.0,0
664600,0.0408,222.0,0.0855,-23741.0,0.0459,1.1995296059529e+16,105.0,0
251773,0.952,0.0,0.6990000000000001,-3449.0,0.0638,104007.0,237.0,0
282373,0.949,0.351,0.0928,-3529.0,0.118,1.1995296059529e+16,807.0,0
230040,701.0,4.83e-06,349.0,-5.592e+16,0.0281,144944.0,302.0,0
-1,0.5660000000000001,5.14e-06,0.0979,-5.99,0.0561,1.53478999999999e+16,408.0,0
241120,523.0,0.0,0.18,-9.69,335.0,170049.0,366.0,0
204040,684.0,0.0,614.0,-6.007e+16,325.0,172155.0,0.926,0
109107,0.2289999999999999,953.0,165.0,-1.8944e+16,0.0472,1.84590999999999e+16,0.0863,0
208040,0.0329,929.0,0.0978,-28228.0,46.0,82165.0,0.0366,0
144453,373.0,0.0,0.2739999999999999,-7779.0,0.2269999999999999,1.19952999999999e+16,0.0602,0
238339,539.0,0.0,235.0,-9735.0,337.0,8508200000000000.0,835.0,0
286707,505.0,0.0,102.0,-5606.0,0.0294,150063.0,0.5379999999999999,0
194679,598.0,0.00227,0.0738,-6972.0,0.0394,146245.0,0.186,0
